domain,target_label,redirect_count,cross_domain_count,distinct_domain_count,has_cross_domain,domain_hopping,loop_detected,limit_reached,shortener_detected,meta_refresh_detected,js_redirect_detected,is_https,missing_hsts,missing_csp,hardening_score,form_count,password_form_count,payment_form_count,has_credential_form,iframe_count,hidden_iframe_count,cross_domain_iframe_count,download_detected,is_executable,is_apk
secure-login-update-36.top,phishing,3,2,2,1,0,0,0,0,0,0,0,1,1,8,3,1,1,1,2,1,0,0,0,0
traffic-routing-hub-5.net,suspicious,6,3,3,1,1,1,0,1,0,1,1,1,1,24,0,0,0,0,2,0,1,0,0,0
secure-login-update-36.top,phishing,3,2,2,1,1,0,0,0,1,0,0,1,1,36,1,1,1,1,0,1,1,0,0,0
cdn-installer-fast-63.xyz,malicious,3,2,3,1,1,0,0,0,0,1,0,1,1,3,0,0,0,0,1,2,2,1,0,1
secure-login-update-5.top,phishing,2,2,2,1,0,0,0,1,1,0,0,1,1,16,3,1,1,1,1,0,0,0,0,0
secure-login-update-65.top,phishing,2,2,2,1,1,0,0,1,1,1,1,1,1,15,3,2,1,1,1,0,1,0,0,0
cdn-installer-fast-52.xyz,malicious,3,1,3,1,1,0,0,1,1,1,0,1,1,1,0,0,0,0,2,2,2,1,0,1
trusted-service-36.com,benign,0,0,1,0,0,0,0,0,0,0,1,0,1,96,3,0,0,0,1,0,0,0,0,0
trusted-service-70.com,benign,0,0,1,0,0,0,0,0,0,0,1,0,0,87,1,0,0,0,1,0,0,0,0,0
trusted-service-85.com,benign,0,0,1,0,0,0,0,0,0,0,1,0,0,96,0,1,0,1,1,0,0,0,0,0
traffic-routing-hub-71.net,suspicious,4,3,5,1,1,1,0,1,1,0,1,1,1,33,1,0,0,0,3,1,2,0,0,0
cdn-installer-fast-90.xyz,malicious,4,4,4,1,1,0,0,1,0,0,1,1,1,0,0,0,0,0,2,0,2,1,1,0
secure-login-update-98.top,phishing,1,2,3,1,0,0,0,0,0,0,0,1,1,28,4,2,1,1,0,1,1,0,0,0
secure-login-update-12.top,phishing,3,2,3,1,1,0,0,1,0,0,1,1,1,25,1,2,0,1,1,0,0,0,0,0
traffic-routing-hub-48.net,suspicious,6,4,4,1,1,0,1,1,1,1,1,1,1,40,1,0,0,0,1,1,1,0,0,0
traffic-routing-hub-60.net,suspicious,6,4,4,1,1,0,0,1,1,1,0,1,1,10,0,0,0,0,2,1,1,0,0,0
traffic-routing-hub-42.net,suspicious,7,4,5,1,1,1,1,1,0,1,1,1,1,33,0,0,0,0,1,0,1,0,0,0
cdn-installer-fast-96.xyz,malicious,5,4,2,1,1,0,0,0,0,0,1,1,1,0,0,0,0,0,0,2,2,1,1,0
traffic-routing-hub-62.net,suspicious,5,2,4,1,1,0,0,1,1,1,1,1,1,40,0,0,0,0,2,1,2,0,0,0
traffic-routing-hub-77.net,suspicious,4,4,4,1,1,1,0,1,0,1,1,1,1,12,0,0,0,0,2,1,2,0,0,0
trusted-service-22.com,benign,1,0,1,0,0,0,0,0,0,0,1,0,1,88,0,1,0,0,1,0,0,0,0,0
cdn-installer-fast-43.xyz,malicious,2,1,3,1,0,0,0,1,1,0,0,1,1,16,0,0,0,0,1,1,2,1,1,0
traffic-routing-hub-13.net,suspicious,3,3,4,1,1,0,0,1,1,0,0,1,1,28,1,0,0,0,2,0,2,0,0,0
cdn-installer-fast-1.xyz,malicious,3,1,2,1,1,0,0,0,0,1,1,1,1,10,0,0,0,0,0,0,2,1,0,1
trusted-service-73.com,benign,0,0,1,0,0,0,0,0,0,0,1,1,1,79,0,0,0,0,0,0,0,0,0,0
secure-login-update-83.top,phishing,1,2,2,1,0,0,0,0,1,1,0,1,1,26,3,1,1,1,2,0,0,0,0,0
trusted-service-77.com,benign,0,0,1,0,0,0,0,0,0,0,1,0,0,63,3,0,0,1,1,0,0,0,0,0
secure-login-update-49.top,phishing,1,2,2,1,0,0,0,1,0,1,0,1,1,26,2,1,1,1,1,0,1,0,0,0
traffic-routing-hub-37.net,suspicious,7,5,4,1,1,0,0,1,0,0,0,1,1,12,0,0,0,0,2,0,1,0,0,0
traffic-routing-hub-11.net,suspicious,3,2,5,1,1,0,0,1,1,0,1,1,1,31,1,0,0,0,1,1,2,0,0,0
cdn-installer-fast-17.xyz,malicious,5,1,3,1,0,0,0,0,0,1,1,1,1,15,0,0,0,0,1,2,2,1,0,1
cdn-installer-fast-16.xyz,malicious,5,3,2,1,1,0,0,1,0,0,1,1,1,4,0,0,0,0,2,1,2,1,1,0
secure-login-update-87.top,phishing,3,2,3,1,0,0,0,0,1,0,1,1,1,8,2,1,0,1,2,1,0,0,0,0
trusted-service-12.com,benign,0,0,1,0,0,0,0,0,0,0,1,0,0,87,3,1,0,0,1,0,0,0,0,0
cdn-installer-fast-72.xyz,malicious,3,3,3,1,1,0,0,1,0,0,0,1,1,13,0,0,0,0,1,0,2,1,1,0
traffic-routing-hub-78.net,suspicious,6,4,3,1,1,1,0,1,1,0,0,1,1,11,1,0,0,0,3,1,2,0,0,0
secure-login-update-92.top,phishing,3,2,2,1,1,0,0,0,0,0,1,1,1,13,4,1,1,1,1,0,1,0,0,0
cdn-installer-fast-67.xyz,malicious,3,1,4,1,0,0,0,0,0,0,0,1,1,9,0,0,0,0,1,0,2,1,0,1
trusted-service-97.com,benign,1,0,1,0,0,0,0,0,0,0,1,1,1,96,2,1,0,0,0,0,0,0,0,0
cdn-installer-fast-67.xyz,malicious,3,2,3,1,0,0,0,0,1,0,0,1,1,14,0,0,0,0,3,1,2,1,0,1
secure-login-update-97.top,phishing,3,1,2,1,0,0,0,0,0,1,1,1,1,8,1,2,1,1,2,1,0,0,0,0
cdn-installer-fast-40.xyz,malicious,2,3,3,1,0,0,0,1,0,1,1,1,1,12,0,0,0,0,0,2,2,1,0,1
traffic-routing-hub-43.net,suspicious,4,4,4,1,1,0,0,1,1,1,0,1,1,24,1,0,0,0,1,0,1,0,0,0
secure-login-update-49.top,phishing,1,2,2,1,1,0,0,1,0,0,1,1,1,21,4,1,1,1,0,0,0,0,0,0
secure-login-update-92.top,phishing,3,1,2,1,0,0,0,1,1,0,0,1,1,32,3,1,1,1,2,1,1,0,0,0
secure-login-update-67.top,phishing,2,2,3,1,0,0,0,1,0,1,0,1,1,6,2,1,1,1,0,0,0,0,0,0
secure-login-update-69.top,phishing,1,2,3,1,0,0,0,1,1,1,0,1,1,15,3,1,0,1,1,1,1,0,0,0
cdn-installer-fast-29.xyz,malicious,3,1,4,1,0,0,0,1,0,1,1,1,1,1,0,0,0,0,0,2,2,1,1,0
traffic-routing-hub-60.net,suspicious,7,4,5,1,1,0,0,1,0,0,0,1,1,20,0,0,0,0,2,0,1,0,0,0
traffic-routing-hub-65.net,suspicious,6,2,5,1,1,0,0,1,1,1,0,1,1,18,0,0,0,0,3,1,1,0,0,0
cdn-installer-fast-58.xyz,malicious,2,1,2,1,0,0,0,0,0,1,0,1,1,2,0,0,0,0,0,2,1,1,0,1
cdn-installer-fast-92.xyz,malicious,2,2,3,1,0,0,0,1,1,0,1,1,1,3,0,0,0,0,3,2,2,1,1,0
traffic-routing-hub-42.net,suspicious,7,2,5,1,1,0,1,1,0,1,0,1,1,39,0,0,0,0,1,0,1,0,0,0
trusted-service-87.com,benign,1,0,1,0,0,0,0,0,0,0,1,0,0,67,2,0,0,1,1,0,0,0,0,0
secure-login-update-49.top,phishing,1,1,3,1,1,0,0,0,1,0,0,1,1,39,4,1,1,1,1,0,1,0,0,0
trusted-service-98.com,benign,0,0,1,0,0,0,0,0,0,0,1,0,0,100,1,0,0,1,0,0,0,0,0,0
secure-login-update-31.top,phishing,3,1,2,1,1,0,0,1,0,1,0,1,1,29,4,1,1,1,1,0,1,0,0,0
secure-login-update-80.top,phishing,3,1,3,1,0,0,0,0,1,0,0,1,1,31,2,1,1,1,2,0,1,0,0,0
cdn-installer-fast-25.xyz,malicious,4,2,4,1,0,0,0,1,1,0,1,1,1,8,0,0,0,0,1,1,2,1,0,1
secure-login-update-86.top,phishing,3,1,2,1,0,0,0,0,0,0,1,1,1,22,3,1,1,1,0,1,0,0,0,0
cdn-installer-fast-25.xyz,malicious,4,3,4,1,0,0,0,1,0,1,1,1,1,1,0,0,0,0,0,0,2,1,1,0
trusted-service-65.com,benign,1,0,1,0,0,0,0,0,0,0,1,0,0,86,3,0,0,0,1,0,0,0,0,0
trusted-service-99.com,benign,1,0,1,0,0,0,0,0,0,0,1,0,0,77,3,0,0,1,1,0,0,0,0,0
secure-login-update-97.top,phishing,3,1,2,1,1,0,0,0,1,1,0,1,1,18,4,2,1,1,2,0,1,0,0,0
secure-login-update-18.top,phishing,1,1,2,1,0,0,0,1,1,0,1,1,1,31,4,1,0,1,1,0,1,0,0,0
traffic-routing-hub-31.net,suspicious,7,5,3,1,1,0,0,1,1,0,1,1,1,13,0,0,0,0,3,0,1,0,0,0
cdn-installer-fast-29.xyz,malicious,4,4,2,1,1,0,0,0,1,1,0,1,1,6,0,0,0,0,0,2,2,1,1,0
trusted-service-59.com,benign,0,0,1,0,0,0,0,0,0,0,1,1,1,70,1,1,0,1,1,0,0,0,0,0
traffic-routing-hub-28.net,suspicious,7,2,4,1,1,0,0,1,0,1,0,1,1,25,1,0,0,0,3,1,2,0,0,0
trusted-service-51.com,benign,1,0,1,0,0,0,0,0,0,0,1,0,0,97,1,0,0,1,1,0,0,0,0,0
secure-login-update-10.top,phishing,3,1,2,1,1,0,0,1,0,0,0,1,1,26,4,2,1,1,0,1,1,0,0,0
secure-login-update-17.top,phishing,1,1,3,1,0,0,0,1,1,1,0,1,1,38,4,1,0,1,2,1,1,0,0,0
traffic-routing-hub-17.net,suspicious,4,2,4,1,1,0,1,1,1,0,1,1,1,23,1,0,0,0,1,1,1,0,0,0
cdn-installer-fast-36.xyz,malicious,5,1,4,1,0,0,0,0,0,0,0,1,1,1,0,0,0,0,0,2,1,1,0,1
trusted-service-47.com,benign,1,0,1,0,0,0,0,0,0,0,1,0,0,72,1,0,0,0,0,0,0,0,0,0
traffic-routing-hub-25.net,suspicious,7,4,5,1,1,0,0,1,1,0,0,1,1,30,0,0,0,0,3,1,2,0,0,0
trusted-service-50.com,benign,0,0,1,0,0,0,0,0,0,0,1,0,0,81,0,0,0,0,0,0,0,0,0,0
cdn-installer-fast-66.xyz,malicious,2,4,4,1,0,0,0,1,0,0,0,1,1,16,0,0,0,0,0,0,0,1,1,0
cdn-installer-fast-83.xyz,malicious,5,3,3,1,0,0,0,0,0,1,0,1,1,7,0,0,0,0,2,0,0,1,1,0
secure-login-update-87.top,phishing,3,2,2,1,0,0,0,1,1,1,0,1,1,36,3,1,1,1,2,0,1,0,0,0
cdn-installer-fast-99.xyz,malicious,4,3,4,1,1,0,0,1,0,1,0,1,1,18,0,0,0,0,3,0,0,1,1,0
trusted-service-3.com,benign,0,0,1,0,0,0,0,0,0,0,1,0,1,96,3,1,0,0,1,0,0,0,0,0
trusted-service-6.com,benign,0,0,1,0,0,0,0,0,0,0,1,0,0,66,2,1,0,0,0,0,0,0,0,0
cdn-installer-fast-10.xyz,malicious,2,3,2,1,0,0,0,0,0,1,1,1,1,19,0,0,0,0,1,2,1,1,0,1
trusted-service-100.com,benign,0,0,1,0,0,0,0,0,0,0,1,0,1,88,3,0,0,0,1,0,0,0,0,0
traffic-routing-hub-35.net,suspicious,3,5,5,1,1,0,1,1,0,1,1,1,1,22,1,0,0,0,1,0,1,0,0,0
trusted-service-28.com,benign,0,0,1,0,0,0,0,0,0,0,1,1,0,80,0,0,0,1,1,0,0,0,0,0
cdn-installer-fast-93.xyz,malicious,5,2,3,1,1,0,0,1,0,1,1,1,1,15,0,0,0,0,1,2,2,1,0,1
traffic-routing-hub-13.net,suspicious,5,4,3,1,1,1,0,1,1,1,0,1,1,15,1,0,0,0,2,0,1,0,0,0
secure-login-update-49.top,phishing,3,1,2,1,0,0,0,1,1,1,0,1,1,40,4,2,1,1,2,1,1,0,0,0
trusted-service-22.com,benign,0,0,1,0,0,0,0,0,0,0,1,0,1,99,1,0,0,1,0,0,0,0,0,0
trusted-service-55.com,benign,1,0,1,0,0,0,0,0,0,0,1,1,1,82,3,0,0,0,1,0,0,0,0,0
secure-login-update-15.top,phishing,2,2,3,1,1,0,0,1,0,1,0,1,1,23,4,2,0,1,1,0,1,0,0,0
secure-login-update-84.top,phishing,2,1,2,1,1,0,0,1,1,1,1,1,1,3,1,2,1,1,1,1,0,0,0,0
secure-login-update-93.top,phishing,1,2,2,1,0,0,0,1,0,0,0,1,1,2,2,2,1,1,0,1,0,0,0,0
trusted-service-57.com,benign,0,0,1,0,0,0,0,0,0,0,1,1,0,87,2,1,0,0,0,0,0,0,0,0
secure-login-update-92.top,phishing,2,1,2,1,0,0,0,0,1,1,1,1,1,35,3,1,0,1,0,1,0,0,0,0
trusted-service-53.com,benign,1,0,1,0,0,0,0,0,0,0,1,0,1,88,3,0,0,0,0,0,0,0,0,0
secure-login-update-81.top,phishing,3,1,2,1,0,0,0,0,1,0,1,1,1,38,1,2,0,1,0,1,1,0,0,0
trusted-service-22.com,benign,1,0,1,0,0,0,0,0,0,0,1,1,0,96,3,0,0,0,0,0,0,0,0,0
cdn-installer-fast-50.xyz,malicious,4,1,3,1,0,0,0,0,1,0,0,1,1,13,0,0,0,0,2,2,1,1,0,1
traffic-routing-hub-48.net,suspicious,3,2,3,1,1,1,1,1,1,0,1,1,1,38,0,0,0,0,2,0,2,0,0,0
trusted-service-40.com,benign,0,0,1,0,0,0,0,0,0,0,1,0,1,89,0,1,0,0,1,0,0,0,0,0
secure-login-update-32.top,phishing,2,2,2,1,0,0,0,1,0,1,1,1,1,13,4,2,1,1,2,1,0,0,0,0
cdn-installer-fast-31.xyz,malicious,5,2,3,1,0,0,0,1,1,1,1,1,1,19,0,0,0,0,2,2,1,1,0,1
trusted-service-76.com,benign,1,0,1,0,0,0,0,0,0,0,1,1,1,69,3,1,0,0,1,0,0,0,0,0
secure-login-update-11.top,phishing,1,1,3,1,1,0,0,1,0,1,0,1,1,13,3,1,1,1,1,0,0,0,0,0
secure-login-update-70.top,phishing,1,1,3,1,1,0,0,0,1,1,1,1,1,25,1,1,1,1,2,1,0,0,0,0
secure-login-update-13.top,phishing,3,1,2,1,1,0,0,0,1,1,0,1,1,0,3,2,1,1,1,1,0,0,0,0
traffic-routing-hub-68.net,suspicious,7,5,5,1,1,1,0,1,1,1,0,1,1,24,0,0,0,0,2,1,2,0,0,0
traffic-routing-hub-19.net,suspicious,5,5,5,1,1,0,1,1,1,1,1,1,1,15,1,0,0,0,3,0,2,0,0,0
cdn-installer-fast-24.xyz,malicious,4,1,4,1,0,0,0,0,1,1,0,1,1,11,0,0,0,0,0,2,0,1,0,1
trusted-service-86.com,benign,0,0,1,0,0,0,0,0,0,0,1,0,1,87,0,0,0,1,1,0,0,0,0,0
cdn-installer-fast-32.xyz,malicious,5,2,3,1,0,0,0,1,1,1,1,1,1,19,0,0,0,0,3,2,0,1,1,0
trusted-service-41.com,benign,0,0,1,0,0,0,0,0,0,0,1,0,0,77,3,0,0,0,0,0,0,0,0,0
traffic-routing-hub-63.net,suspicious,5,3,3,1,1,0,0,1,1,1,0,1,1,33,0,0,0,0,2,0,1,0,0,0
cdn-installer-fast-99.xyz,malicious,2,2,4,1,1,0,0,0,1,0,1,1,1,1,0,0,0,0,3,0,1,1,0,1
trusted-service-50.com,benign,1,0,1,0,0,0,0,0,0,0,1,0,1,62,3,0,0,1,0,0,0,0,0,0
trusted-service-18.com,benign,0,0,1,0,0,0,0,0,0,0,1,0,0,76,3,0,0,0,1,0,0,0,0,0
trusted-service-20.com,benign,1,0,1,0,0,0,0,0,0,0,1,1,0,80,2,0,0,0,1,0,0,0,0,0
trusted-service-30.com,benign,0,0,1,0,0,0,0,0,0,0,1,0,1,64,1,0,0,1,1,0,0,0,0,0
secure-login-update-34.top,phishing,1,2,3,1,0,0,0,0,0,1,1,1,1,4,4,2,0,1,1,0,1,0,0,0
secure-login-update-45.top,phishing,1,2,3,1,0,0,0,1,0,0,1,1,1,31,2,2,1,1,0,0,1,0,0,0
secure-login-update-84.top,phishing,1,1,3,1,0,0,0,1,1,1,1,1,1,16,3,2,0,1,1,0,0,0,0,0
trusted-service-67.com,benign,0,0,1,0,0,0,0,0,0,0,1,1,1,100,3,0,0,0,1,0,0,0,0,0
trusted-service-32.com,benign,0,0,1,0,0,0,0,0,0,0,1,1,0,89,3,1,0,1,0,0,0,0,0,0
traffic-routing-hub-23.net,suspicious,3,3,3,1,1,1,1,1,0,0,1,1,1,14,0,0,0,0,2,1,2,0,0,0
cdn-installer-fast-57.xyz,malicious,2,4,3,1,0,0,0,1,0,1,1,1,1,0,0,0,0,0,2,0,1,1,1,0
cdn-installer-fast-26.xyz,malicious,4,3,2,1,0,0,0,0,0,1,0,1,1,7,0,0,0,0,1,2,2,1,1,0
traffic-routing-hub-52.net,suspicious,6,5,4,1,1,1,0,1,1,1,1,1,1,21,1,0,0,0,2,1,1,0,0,0
trusted-service-40.com,benign,0,0,1,0,0,0,0,0,0,0,1,1,1,93,3,0,0,1,0,0,0,0,0,0
cdn-installer-fast-18.xyz,malicious,3,2,2,1,0,0,0,0,1,1,1,1,1,13,0,0,0,0,3,2,1,1,0,1
cdn-installer-fast-66.xyz,malicious,4,1,4,1,1,0,0,1,1,0,0,1,1,7,0,0,0,0,0,0,0,1,0,1
cdn-installer-fast-69.xyz,malicious,4,1,4,1,1,0,0,0,1,1,0,1,1,0,0,0,0,0,2,2,2,1,1,0
cdn-installer-fast-84.xyz,malicious,2,1,2,1,1,0,0,1,1,0,0,1,1,8,0,0,0,0,0,2,1,1,0,1
secure-login-update-41.top,phishing,3,2,2,1,0,0,0,0,1,0,1,1,1,15,1,2,0,1,2,1,0,0,0,0
cdn-installer-fast-19.xyz,malicious,2,2,3,1,0,0,0,1,0,1,0,1,1,20,0,0,0,0,0,1,1,1,0,1
secure-login-update-89.top,phishing,1,1,2,1,1,0,0,0,0,1,0,1,1,40,3,2,1,1,0,0,0,0,0,0
secure-login-update-29.top,phishing,3,1,3,1,0,0,0,1,1,1,1,1,1,5,4,1,1,1,0,1,1,0,0,0
cdn-installer-fast-89.xyz,malicious,5,4,2,1,1,0,0,1,1,1,1,1,1,9,0,0,0,0,0,0,2,1,0,1
secure-login-update-9.top,phishing,2,1,3,1,1,0,0,1,0,1,1,1,1,38,2,1,1,1,2,0,1,0,0,0
trusted-service-66.com,benign,0,0,1,0,0,0,0,0,0,0,1,0,0,74,3,0,0,0,1,0,0,0,0,0
trusted-service-25.com,benign,0,0,1,0,0,0,0,0,0,0,1,1,1,71,2,0,0,1,0,0,0,0,0,0
secure-login-update-40.top,phishing,3,2,3,1,0,0,0,0,0,1,1,1,1,25,2,2,1,1,1,1,0,0,0,0
secure-login-update-67.top,phishing,3,1,2,1,1,0,0,0,1,1,0,1,1,9,4,2,0,1,0,0,1,0,0,0
trusted-service-87.com,benign,0,0,1,0,0,0,0,0,0,0,1,1,1,70,0,0,0,1,1,0,0,0,0,0
trusted-service-91.com,benign,0,0,1,0,0,0,0,0,0,0,1,0,0,95,3,0,0,0,0,0,0,0,0,0
trusted-service-85.com,benign,0,0,1,0,0,0,0,0,0,0,1,0,0,94,3,0,0,0,1,0,0,0,0,0
trusted-service-51.com,benign,0,0,1,0,0,0,0,0,0,0,1,1,1,78,3,0,0,1,1,0,0,0,0,0
secure-login-update-77.top,phishing,1,2,2,1,1,0,0,1,1,0,0,1,1,12,1,1,1,1,1,0,1,0,0,0
traffic-routing-hub-32.net,suspicious,4,4,5,1,1,0,0,1,1,1,1,1,1,28,1,0,0,0,3,0,1,0,0,0
secure-login-update-38.top,phishing,3,1,2,1,1,0,0,0,1,1,1,1,1,15,2,2,1,1,0,1,0,0,0,0
secure-login-update-52.top,phishing,3,2,3,1,1,0,0,1,1,0,0,1,1,29,3,1,1,1,1,0,1,0,0,0
cdn-installer-fast-4.xyz,malicious,5,1,2,1,1,0,0,1,1,0,0,1,1,17,0,0,0,0,2,2,2,1,0,1
trusted-service-87.com,benign,0,0,1,0,0,0,0,0,0,0,1,1,0,93,1,1,0,0,1,0,0,0,0,0
secure-login-update-73.top,phishing,2,2,3,1,1,0,0,0,0,1,1,1,1,28,2,2,0,1,2,1,1,0,0,0
secure-login-update-99.top,phishing,3,1,2,1,1,0,0,0,1,0,0,1,1,4,1,2,0,1,2,0,1,0,0,0
cdn-installer-fast-67.xyz,malicious,4,1,3,1,1,0,0,1,0,0,0,1,1,7,0,0,0,0,0,0,2,1,1,0
secure-login-update-19.top,phishing,2,2,3,1,1,0,0,0,0,0,0,1,1,16,4,2,1,1,2,1,0,0,0,0
cdn-installer-fast-61.xyz,malicious,4,4,3,1,1,0,0,0,1,0,1,1,1,8,0,0,0,0,2,1,1,1,1,0
secure-login-update-3.top,phishing,1,2,2,1,0,0,0,0,1,0,0,1,1,5,4,1,1,1,2,0,1,0,0,0
secure-login-update-50.top,phishing,3,2,3,1,0,0,0,0,1,1,0,1,1,24,1,2,1,1,2,0,0,0,0,0
secure-login-update-29.top,phishing,3,1,2,1,0,0,0,0,0,1,0,1,1,24,3,1,1,1,0,0,0,0,0,0
secure-login-update-89.top,phishing,3,2,3,1,1,0,0,0,0,0,1,1,1,7,4,2,1,1,0,1,0,0,0,0
traffic-routing-hub-22.net,suspicious,3,2,3,1,1,0,0,1,1,0,1,1,1,37,0,0,0,0,1,0,2,0,0,0
cdn-installer-fast-16.xyz,malicious,4,2,4,1,1,0,0,1,0,0,1,1,1,15,0,0,0,0,2,1,2,1,1,0
secure-login-update-23.top,phishing,3,2,2,1,0,0,0,0,1,1,1,1,1,2,3,2,1,1,2,1,0,0,0,0
trusted-service-81.com,benign,1,0,1,0,0,0,0,0,0,0,1,1,0,69,2,0,0,0,1,0,0,0,0,0
traffic-routing-hub-61.net,suspicious,6,3,3,1,1,0,0,1,0,0,0,1,1,31,0,0,0,0,2,1,2,0,0,0
trusted-service-93.com,benign,0,0,1,0,0,0,0,0,0,0,1,0,1,99,0,0,0,0,0,0,0,0,0,0
trusted-service-28.com,benign,0,0,1,0,0,0,0,0,0,0,1,1,1,67,2,0,0,0,0,0,0,0,0,0
secure-login-update-51.top,phishing,1,1,2,1,1,0,0,0,1,0,0,1,1,10,4,1,1,1,2,1,0,0,0,0
trusted-service-72.com,benign,0,0,1,0,0,0,0,0,0,0,1,0,1,68,1,0,0,0,0,0,0,0,0,0
trusted-service-36.com,benign,1,0,1,0,0,0,0,0,0,0,1,0,0,100,3,0,0,1,0,0,0,0,0,0
trusted-service-7.com,benign,0,0,1,0,0,0,0,0,0,0,1,0,0,64,2,1,0,1,1,0,0,0,0,0
cdn-installer-fast-62.xyz,malicious,4,2,2,1,1,0,0,0,1,0,1,1,1,19,0,0,0,0,3,0,1,1,0,1
secure-login-update-37.top,phishing,3,1,2,1,1,0,0,1,1,1,1,1,1,37,2,2,1,1,1,0,0,0,0,0
traffic-routing-hub-2.net,suspicious,7,2,5,1,1,0,0,1,1,1,0,1,1,35,1,0,0,0,1,1,1,0,0,0
traffic-routing-hub-47.net,suspicious,3,5,3,1,1,0,1,1,0,1,1,1,1,36,1,0,0,0,3,0,2,0,0,0
trusted-service-43.com,benign,0,0,1,0,0,0,0,0,0,0,1,1,1,76,1,0,0,1,1,0,0,0,0,0
secure-login-update-61.top,phishing,2,2,3,1,0,0,0,0,1,1,1,1,1,22,4,1,0,1,1,1,1,0,0,0
trusted-service-47.com,benign,0,0,1,0,0,0,0,0,0,0,1,0,0,79,3,0,0,0,0,0,0,0,0,0
trusted-service-68.com,benign,0,0,1,0,0,0,0,0,0,0,1,0,0,89,2,1,0,0,1,0,0,0,0,0
traffic-routing-hub-3.net,suspicious,4,2,5,1,1,1,1,1,1,1,1,1,1,33,0,0,0,0,1,1,2,0,0,0
trusted-service-30.com,benign,0,0,1,0,0,0,0,0,0,0,1,0,1,77,0,0,0,1,1,0,0,0,0,0
trusted-service-58.com,benign,1,0,1,0,0,0,0,0,0,0,1,0,0,93,2,0,0,1,0,0,0,0,0,0
cdn-installer-fast-78.xyz,malicious,5,1,3,1,1,0,0,1,1,0,0,1,1,8,0,0,0,0,0,1,0,1,1,0
cdn-installer-fast-60.xyz,malicious,3,2,4,1,1,0,0,1,1,0,0,1,1,20,0,0,0,0,3,2,1,1,0,1
secure-login-update-33.top,phishing,2,2,2,1,1,0,0,0,0,0,0,1,1,40,4,2,0,1,0,1,0,0,0,0
secure-login-update-6.top,phishing,3,1,3,1,1,0,0,0,1,0,0,1,1,35,4,2,1,1,0,0,0,0,0,0
trusted-service-67.com,benign,0,0,1,0,0,0,0,0,0,0,1,0,1,66,3,1,0,1,1,0,0,0,0,0
trusted-service-68.com,benign,0,0,1,0,0,0,0,0,0,0,1,1,0,60,0,0,0,0,1,0,0,0,0,0
cdn-installer-fast-91.xyz,malicious,2,3,2,1,0,0,0,0,0,0,1,1,1,12,0,0,0,0,2,2,0,1,0,1
traffic-routing-hub-20.net,suspicious,6,4,3,1,1,0,1,1,0,0,0,1,1,16,0,0,0,0,1,1,2,0,0,0
cdn-installer-fast-27.xyz,malicious,2,2,4,1,0,0,0,0,0,1,1,1,1,9,0,0,0,0,1,2,0,1,1,0
secure-login-update-83.top,phishing,1,2,3,1,0,0,0,0,1,1,0,1,1,21,3,1,1,1,0,1,1,0,0,0
traffic-routing-hub-58.net,suspicious,3,4,4,1,1,1,1,1,1,0,0,1,1,27,1,0,0,0,3,1,2,0,0,0
secure-login-update-68.top,phishing,2,2,2,1,1,0,0,1,0,1,0,1,1,33,4,2,1,1,0,0,0,0,0,0
secure-login-update-90.top,phishing,3,2,3,1,1,0,0,1,0,0,0,1,1,8,1,1,0,1,0,1,1,0,0,0
trusted-service-42.com,benign,0,0,1,0,0,0,0,0,0,0,1,0,1,78,2,0,0,1,1,0,0,0,0,0
cdn-installer-fast-78.xyz,malicious,3,1,3,1,1,0,0,1,1,1,0,1,1,13,0,0,0,0,1,1,0,1,1,0
cdn-installer-fast-27.xyz,malicious,4,1,3,1,0,0,0,1,0,0,1,1,1,13,0,0,0,0,3,0,0,1,1,0
trusted-service-75.com,benign,0,0,1,0,0,0,0,0,0,0,1,1,1,66,1,0,0,0,1,0,0,0,0,0
secure-login-update-21.top,phishing,2,1,2,1,0,0,0,0,0,0,0,1,1,2,4,2,1,1,0,0,0,0,0,0
cdn-installer-fast-11.xyz,malicious,4,3,3,1,1,0,0,1,1,0,0,1,1,19,0,0,0,0,1,2,1,1,1,0
cdn-installer-fast-51.xyz,malicious,5,4,3,1,1,0,0,1,0,0,0,1,1,20,0,0,0,0,2,2,0,1,0,1
secure-login-update-7.top,phishing,2,2,2,1,1,0,0,0,0,0,0,1,1,30,1,1,1,1,0,1,0,0,0,0
secure-login-update-24.top,phishing,2,2,2,1,0,0,0,0,0,0,1,1,1,12,3,1,0,1,1,1,1,0,0,0
cdn-installer-fast-17.xyz,malicious,2,2,2,1,1,0,0,0,0,1,1,1,1,15,0,0,0,0,1,2,2,1,1,0
trusted-service-78.com,benign,1,0,1,0,0,0,0,0,0,0,1,1,1,61,1,0,0,1,1,0,0,0,0,0
trusted-service-28.com,benign,0,0,1,0,0,0,0,0,0,0,1,0,0,83,0,1,0,0,1,0,0,0,0,0
secure-login-update-61.top,phishing,3,2,3,1,1,0,0,0,0,1,0,1,1,5,4,1,1,1,0,0,0,0,0,0
secure-login-update-95.top,phishing,1,1,2,1,1,0,0,0,0,0,0,1,1,39,3,1,0,1,0,0,1,0,0,0
trusted-service-43.com,benign,1,0,1,0,0,0,0,0,0,0,1,0,0,68,0,1,0,0,1,0,0,0,0,0
secure-login-update-12.top,phishing,3,2,2,1,0,0,0,1,1,0,1,1,1,31,2,1,0,1,2,1,0,0,0,0
traffic-routing-hub-76.net,suspicious,3,2,5,1,1,0,1,1,1,0,0,1,1,17,0,0,0,0,1,0,2,0,0,0
cdn-installer-fast-54.xyz,malicious,5,2,3,1,0,0,0,0,0,1,1,1,1,0,0,0,0,0,2,1,2,1,1,0
trusted-service-2.com,benign,0,0,1,0,0,0,0,0,0,0,1,1,1,83,0,1,0,1,1,0,0,0,0,0
trusted-service-50.com,benign,1,0,1,0,0,0,0,0,0,0,1,0,0,64,3,0,0,0,1,0,0,0,0,0
cdn-installer-fast-39.xyz,malicious,5,2,4,1,1,0,0,0,1,1,0,1,1,4,0,0,0,0,2,2,1,1,0,1
cdn-installer-fast-39.xyz,malicious,3,4,3,1,0,0,0,1,0,0,0,1,1,20,0,0,0,0,0,0,1,1,1,0
cdn-installer-fast-7.xyz,malicious,4,3,2,1,0,0,0,1,1,0,1,1,1,6,0,0,0,0,3,0,2,1,0,1
secure-login-update-53.top,phishing,2,1,3,1,0,0,0,0,0,1,1,1,1,30,1,2,1,1,1,0,1,0,0,0
secure-login-update-82.top,phishing,2,2,3,1,0,0,0,1,1,0,1,1,1,38,3,1,1,1,0,0,1,0,0,0
trusted-service-71.com,benign,0,0,1,0,0,0,0,0,0,0,1,0,0,86,3,1,0,1,1,0,0,0,0,0
trusted-service-83.com,benign,0,0,1,0,0,0,0,0,0,0,1,0,0,87,2,0,0,0,1,0,0,0,0,0
trusted-service-69.com,benign,1,0,1,0,0,0,0,0,0,0,1,0,0,77,3,1,0,1,0,0,0,0,0,0
trusted-service-25.com,benign,0,0,1,0,0,0,0,0,0,0,1,0,1,91,2,0,0,0,0,0,0,0,0,0
trusted-service-78.com,benign,0,0,1,0,0,0,0,0,0,0,1,0,1,73,0,0,0,0,0,0,0,0,0,0
traffic-routing-hub-48.net,suspicious,6,3,4,1,1,1,0,1,0,1,1,1,1,13,1,0,0,0,2,1,1,0,0,0
secure-login-update-95.top,phishing,3,2,2,1,1,0,0,0,0,1,1,1,1,11,4,1,0,1,0,0,0,0,0,0
trusted-service-17.com,benign,0,0,1,0,0,0,0,0,0,0,1,1,0,88,3,1,0,1,1,0,0,0,0,0
traffic-routing-hub-23.net,suspicious,6,5,3,1,1,1,0,1,1,0,1,1,1,16,0,0,0,0,1,1,1,0,0,0
trusted-service-46.com,benign,0,0,1,0,0,0,0,0,0,0,1,1,0,69,3,0,0,0,1,0,0,0,0,0
cdn-installer-fast-81.xyz,malicious,3,1,3,1,0,0,0,1,0,1,0,1,1,10,0,0,0,0,0,2,0,1,1,0
traffic-routing-hub-19.net,suspicious,4,5,3,1,1,0,0,1,1,0,1,1,1,38,1,0,0,0,1,1,2,0,0,0
traffic-routing-hub-42.net,suspicious,5,2,3,1,1,0,1,1,0,0,1,1,1,10,0,0,0,0,2,0,1,0,0,0
trusted-service-29.com,benign,0,0,1,0,0,0,0,0,0,0,1,0,0,89,2,0,0,1,1,0,0,0,0,0
trusted-service-31.com,benign,1,0,1,0,0,0,0,0,0,0,1,0,0,65,2,0,0,1,0,0,0,0,0,0
trusted-service-19.com,benign,1,0,1,0,0,0,0,0,0,0,1,0,0,96,0,0,0,0,1,0,0,0,0,0
traffic-routing-hub-67.net,suspicious,5,2,3,1,1,0,0,1,1,1,0,1,1,27,0,0,0,0,2,0,1,0,0,0
secure-login-update-23.top,phishing,1,2,2,1,0,0,0,0,1,0,1,1,1,32,2,1,1,1,1,1,1,0,0,0
cdn-installer-fast-37.xyz,malicious,2,3,4,1,1,0,0,1,1,1,1,1,1,9,0,0,0,0,0,0,1,1,1,0
trusted-service-100.com,benign,0,0,1,0,0,0,0,0,0,0,1,1,1,95,0,1,0,0,1,0,0,0,0,0
secure-login-update-20.top,phishing,1,1,2,1,1,0,0,0,1,1,1,1,1,29,1,1,0,1,0,1,1,0,0,0
secure-login-update-68.top,phishing,2,1,3,1,1,0,0,0,1,1,1,1,1,8,2,2,1,1,1,1,0,0,0,0
secure-login-update-23.top,phishing,3,1,2,1,1,0,0,1,0,1,0,1,1,14,1,2,1,1,2,1,0,0,0,0
traffic-routing-hub-77.net,suspicious,5,4,4,1,1,1,0,1,1,1,0,1,1,37,1,0,0,0,2,1,2,0,0,0
secure-login-update-51.top,phishing,3,2,3,1,1,0,0,1,0,0,1,1,1,5,3,1,1,1,0,0,1,0,0,0
secure-login-update-85.top,phishing,3,2,2,1,1,0,0,0,1,1,1,1,1,20,1,1,1,1,2,0,0,0,0,0
traffic-routing-hub-25.net,suspicious,5,4,3,1,1,0,1,1,0,0,1,1,1,30,0,0,0,0,1,1,1,0,0,0
cdn-installer-fast-56.xyz,malicious,2,1,4,1,1,0,0,1,1,1,1,1,1,5,0,0,0,0,3,1,2,1,0,1
secure-login-update-72.top,phishing,3,1,2,1,1,0,0,0,1,1,1,1,1,3,2,2,1,1,2,1,1,0,0,0
secure-login-update-12.top,phishing,1,1,2,1,1,0,0,0,0,1,0,1,1,9,3,2,1,1,0,0,1,0,0,0
cdn-installer-fast-97.xyz,malicious,2,1,4,1,0,0,0,0,1,0,1,1,1,6,0,0,0,0,2,2,1,1,1,0
cdn-installer-fast-76.xyz,malicious,3,1,2,1,1,0,0,1,0,0,1,1,1,20,0,0,0,0,1,2,2,1,1,0
traffic-routing-hub-30.net,suspicious,6,4,4,1,1,0,1,1,1,1,0,1,1,14,0,0,0,0,3,1,2,0,0,0
traffic-routing-hub-43.net,suspicious,3,4,4,1,1,0,1,1,1,1,1,1,1,36,1,0,0,0,2,0,2,0,0,0
traffic-routing-hub-69.net,suspicious,7,4,4,1,1,0,1,1,1,1,0,1,1,25,1,0,0,0,1,1,2,0,0,0
secure-login-update-45.top,phishing,1,2,3,1,0,0,0,0,0,0,0,1,1,38,2,1,1,1,0,0,0,0,0,0
cdn-installer-fast-14.xyz,malicious,5,3,2,1,0,0,0,0,0,1,1,1,1,2,0,0,0,0,0,2,1,1,0,1
trusted-service-58.com,benign,1,0,1,0,0,0,0,0,0,0,1,1,0,80,3,1,0,0,0,0,0,0,0,0
cdn-installer-fast-18.xyz,malicious,4,2,2,1,0,0,0,0,0,1,0,1,1,17,0,0,0,0,3,0,0,1,0,1
cdn-installer-fast-66.xyz,malicious,4,1,3,1,0,0,0,1,0,0,0,1,1,7,0,0,0,0,1,2,1,1,1,0
secure-login-update-20.top,phishing,1,2,2,1,0,0,0,0,0,1,1,1,1,17,2,2,1,1,0,0,0,0,0,0
secure-login-update-12.top,phishing,1,1,2,1,1,0,0,1,1,1,0,1,1,15,3,1,0,1,2,1,0,0,0,0
cdn-installer-fast-64.xyz,malicious,4,4,3,1,1,0,0,0,0,0,0,1,1,6,0,0,0,0,3,2,2,1,1,0
trusted-service-25.com,benign,0,0,1,0,0,0,0,0,0,0,1,1,1,77,2,0,0,0,1,0,0,0,0,0
secure-login-update-3.top,phishing,2,1,2,1,0,0,0,1,1,1,0,1,1,40,2,1,1,1,2,0,0,0,0,0
trusted-service-2.com,benign,0,0,1,0,0,0,0,0,0,0,1,0,0,92,1,0,0,0,1,0,0,0,0,0
traffic-routing-hub-41.net,suspicious,6,4,5,1,1,1,0,1,0,0,1,1,1,33,0,0,0,0,3,0,2,0,0,0
traffic-routing-hub-27.net,suspicious,5,2,5,1,1,0,0,1,1,1,0,1,1,21,1,0,0,0,1,0,2,0,0,0
secure-login-update-76.top,phishing,2,1,3,1,1,0,0,0,0,1,0,1,1,7,3,1,0,1,1,1,1,0,0,0
secure-login-update-4.top,phishing,1,2,3,1,1,0,0,1,1,0,0,1,1,10,3,1,0,1,1,1,0,0,0,0
traffic-routing-hub-68.net,suspicious,5,2,4,1,1,0,0,1,1,1,1,1,1,12,0,0,0,0,1,1,2,0,0,0
trusted-service-41.com,benign,0,0,1,0,0,0,0,0,0,0,1,0,0,67,0,0,0,1,0,0,0,0,0,0
trusted-service-97.com,benign,1,0,1,0,0,0,0,0,0,0,1,1,0,75,0,1,0,0,1,0,0,0,0,0
trusted-service-92.com,benign,1,0,1,0,0,0,0,0,0,0,1,0,1,85,1,0,0,1,0,0,0,0,0,0
trusted-service-97.com,benign,1,0,1,0,0,0,0,0,0,0,1,0,0,79,1,1,0,0,1,0,0,0,0,0
cdn-installer-fast-92.xyz,malicious,3,3,2,1,0,0,0,0,0,0,1,1,1,6,0,0,0,0,2,1,1,1,0,1
cdn-installer-fast-54.xyz,malicious,3,4,3,1,1,0,0,0,0,1,0,1,1,7,0,0,0,0,1,1,2,1,1,0
traffic-routing-hub-13.net,suspicious,3,4,4,1,1,1,0,1,1,1,0,1,1,25,0,0,0,0,3,0,2,0,0,0
secure-login-update-15.top,phishing,2,1,3,1,1,0,0,1,1,1,0,1,1,9,1,2,0,1,0,1,0,0,0,0
secure-login-update-94.top,phishing,1,2,2,1,0,0,0,0,0,0,1,1,1,12,2,1,1,1,2,0,1,0,0,0
cdn-installer-fast-47.xyz,malicious,3,1,2,1,1,0,0,1,0,1,1,1,1,4,0,0,0,0,3,0,0,1,0,1
cdn-installer-fast-34.xyz,malicious,5,3,3,1,0,0,0,0,1,1,1,1,1,9,0,0,0,0,1,1,0,1,0,1
trusted-service-90.com,benign,0,0,1,0,0,0,0,0,0,0,1,0,1,87,2,1,0,0,0,0,0,0,0,0
cdn-installer-fast-73.xyz,malicious,5,4,4,1,0,0,0,0,1,1,1,1,1,9,0,0,0,0,3,2,0,1,0,1
secure-login-update-3.top,phishing,3,2,2,1,1,0,0,0,0,1,0,1,1,20,1,1,0,1,2,0,0,0,0,0
secure-login-update-40.top,phishing,1,1,2,1,0,0,0,1,0,0,0,1,1,30,4,1,0,1,0,0,0,0,0,0
trusted-service-72.com,benign,0,0,1,0,0,0,0,0,0,0,1,1,0,65,1,1,0,0,1,0,0,0,0,0
trusted-service-37.com,benign,0,0,1,0,0,0,0,0,0,0,1,1,1,74,1,1,0,0,0,0,0,0,0,0
secure-login-update-97.top,phishing,3,1,3,1,1,0,0,0,1,0,1,1,1,29,4,1,1,1,0,1,0,0,0,0
traffic-routing-hub-47.net,suspicious,6,5,4,1,1,0,0,1,0,1,0,1,1,33,0,0,0,0,2,1,2,0,0,0
cdn-installer-fast-17.xyz,malicious,2,1,3,1,0,0,0,1,1,1,0,1,1,14,0,0,0,0,0,2,0,1,0,1
cdn-installer-fast-83.xyz,malicious,5,2,2,1,1,0,0,1,0,1,0,1,1,3,0,0,0,0,0,1,2,1,0,1
trusted-service-38.com,benign,1,0,1,0,0,0,0,0,0,0,1,1,0,71,3,0,0,1,1,0,0,0,0,0
cdn-installer-fast-8.xyz,malicious,4,4,2,1,1,0,0,0,1,1,0,1,1,12,0,0,0,0,0,2,0,1,1,0
secure-login-update-76.top,phishing,3,1,2,1,0,0,0,1,1,1,0,1,1,37,4,1,0,1,1,1,1,0,0,0
traffic-routing-hub-20.net,suspicious,5,4,3,1,1,0,0,1,1,0,1,1,1,36,1,0,0,0,1,0,2,0,0,0
cdn-installer-fast-25.xyz,malicious,2,2,3,1,0,0,0,1,1,0,0,1,1,14,0,0,0,0,3,1,0,1,0,1
trusted-service-69.com,benign,0,0,1,0,0,0,0,0,0,0,1,0,1,83,3,1,0,1,0,0,0,0,0,0
trusted-service-34.com,benign,1,0,1,0,0,0,0,0,0,0,1,1,1,78,1,0,0,0,0,0,0,0,0,0
traffic-routing-hub-48.net,suspicious,3,5,5,1,1,1,0,1,0,1,1,1,1,33,0,0,0,0,1,1,1,0,0,0
trusted-service-8.com,benign,0,0,1,0,0,0,0,0,0,0,1,0,0,67,3,0,0,1,0,0,0,0,0,0
secure-login-update-4.top,phishing,1,1,3,1,1,0,0,1,0,1,1,1,1,11,4,1,0,1,0,1,1,0,0,0
secure-login-update-48.top,phishing,1,1,2,1,1,0,0,1,1,1,0,1,1,2,3,1,1,1,2,1,1,0,0,0
cdn-installer-fast-29.xyz,malicious,4,4,2,1,0,0,0,1,1,0,0,1,1,6,0,0,0,0,3,2,0,1,1,0
trusted-service-54.com,benign,1,0,1,0,0,0,0,0,0,0,1,0,1,99,3,0,0,0,1,0,0,0,0,0
cdn-installer-fast-9.xyz,malicious,5,1,3,1,1,0,0,0,0,0,0,1,1,5,0,0,0,0,1,0,2,1,1,0
cdn-installer-fast-31.xyz,malicious,2,3,4,1,1,0,0,0,0,1,1,1,1,18,0,0,0,0,3,0,2,1,1,0
trusted-service-67.com,benign,0,0,1,0,0,0,0,0,0,0,1,0,1,72,2,0,0,1,1,0,0,0,0,0
cdn-installer-fast-38.xyz,malicious,5,1,3,1,0,0,0,0,0,0,1,1,1,3,0,0,0,0,2,2,0,1,0,1
trusted-service-11.com,benign,1,0,1,0,0,0,0,0,0,0,1,1,0,82,0,0,0,1,1,0,0,0,0,0
trusted-service-94.com,benign,0,0,1,0,0,0,0,0,0,0,1,1,0,88,2,1,0,0,1,0,0,0,0,0
secure-login-update-30.top,phishing,2,2,2,1,1,0,0,1,0,0,0,1,1,36,3,1,1,1,2,0,0,0,0,0
secure-login-update-64.top,phishing,2,2,2,1,0,0,0,1,1,0,1,1,1,12,2,1,1,1,2,1,1,0,0,0
secure-login-update-23.top,phishing,1,2,3,1,1,0,0,1,0,1,1,1,1,7,3,2,1,1,2,0,1,0,0,0
cdn-installer-fast-31.xyz,malicious,2,1,3,1,0,0,0,1,0,1,0,1,1,8,0,0,0,0,0,0,0,1,0,1
traffic-routing-hub-42.net,suspicious,4,5,3,1,1,0,1,1,0,1,0,1,1,25,0,0,0,0,3,0,1,0,0,0
secure-login-update-80.top,phishing,3,1,2,1,1,0,0,0,0,0,0,1,1,17,2,1,1,1,2,1,0,0,0,0
cdn-installer-fast-81.xyz,malicious,3,3,2,1,1,0,0,1,0,1,0,1,1,19,0,0,0,0,3,1,2,1,0,1
cdn-installer-fast-2.xyz,malicious,5,4,2,1,1,0,0,1,1,0,1,1,1,16,0,0,0,0,2,1,2,1,0,1
secure-login-update-91.top,phishing,3,2,3,1,1,0,0,1,0,0,1,1,1,36,2,1,1,1,1,0,1,0,0,0
traffic-routing-hub-24.net,suspicious,3,3,5,1,1,0,0,1,0,1,1,1,1,10,1,0,0,0,2,1,1,0,0,0
traffic-routing-hub-51.net,suspicious,5,3,5,1,1,0,0,1,1,1,1,1,1,30,1,0,0,0,2,0,2,0,0,0
cdn-installer-fast-10.xyz,malicious,3,4,4,1,1,0,0,0,0,0,0,1,1,12,0,0,0,0,3,0,0,1,0,1
traffic-routing-hub-43.net,suspicious,6,4,3,1,1,0,0,1,1,0,0,1,1,33,1,0,0,0,3,0,1,0,0,0
trusted-service-38.com,benign,1,0,1,0,0,0,0,0,0,0,1,1,1,96,1,0,0,0,1,0,0,0,0,0
cdn-installer-fast-50.xyz,malicious,4,3,2,1,1,0,0,0,1,0,0,1,1,7,0,0,0,0,0,1,1,1,1,0
cdn-installer-fast-94.xyz,malicious,2,1,4,1,1,0,0,0,1,0,1,1,1,9,0,0,0,0,0,0,1,1,0,1
cdn-installer-fast-57.xyz,malicious,5,1,3,1,1,0,0,0,1,0,0,1,1,8,0,0,0,0,2,0,1,1,1,0
secure-login-update-27.top,phishing,1,1,3,1,1,0,0,0,1,1,1,1,1,36,3,1,0,1,1,0,1,0,0,0
trusted-service-34.com,benign,0,0,1,0,0,0,0,0,0,0,1,0,0,77,2,1,0,0,1,0,0,0,0,0
trusted-service-50.com,benign,0,0,1,0,0,0,0,0,0,0,1,0,1,87,3,0,0,0,1,0,0,0,0,0
trusted-service-43.com,benign,1,0,1,0,0,0,0,0,0,0,1,0,1,97,2,1,0,1,0,0,0,0,0,0
traffic-routing-hub-74.net,suspicious,5,2,5,1,1,0,1,1,0,0,0,1,1,35,0,0,0,0,3,1,1,0,0,0
trusted-service-79.com,benign,0,0,1,0,0,0,0,0,0,0,1,1,0,100,3,1,0,0,1,0,0,0,0,0
trusted-service-56.com,benign,0,0,1,0,0,0,0,0,0,0,1,1,1,65,2,0,0,1,0,0,0,0,0,0
traffic-routing-hub-57.net,suspicious,4,5,3,1,1,0,0,1,1,0,0,1,1,34,1,0,0,0,3,0,1,0,0,0
traffic-routing-hub-23.net,suspicious,3,3,4,1,1,0,1,1,1,0,0,1,1,15,1,0,0,0,2,0,1,0,0,0
traffic-routing-hub-16.net,suspicious,6,3,3,1,1,1,0,1,0,0,0,1,1,25,1,0,0,0,1,0,1,0,0,0
traffic-routing-hub-47.net,suspicious,5,4,4,1,1,0,0,1,1,0,0,1,1,14,1,0,0,0,3,1,2,0,0,0
trusted-service-29.com,benign,0,0,1,0,0,0,0,0,0,0,1,1,1,60,1,1,0,0,1,0,0,0,0,0
trusted-service-54.com,benign,0,0,1,0,0,0,0,0,0,0,1,0,0,89,1,0,0,0,0,0,0,0,0,0
secure-login-update-54.top,phishing,2,2,2,1,0,0,0,0,0,1,1,1,1,22,2,1,1,1,0,0,1,0,0,0
traffic-routing-hub-24.net,suspicious,7,5,5,1,1,1,0,1,1,1,1,1,1,23,1,0,0,0,2,0,2,0,0,0
traffic-routing-hub-64.net,suspicious,6,5,3,1,1,1,0,1,1,1,1,1,1,30,1,0,0,0,2,1,2,0,0,0
cdn-installer-fast-17.xyz,malicious,2,4,4,1,1,0,0,0,1,0,1,1,1,13,0,0,0,0,1,0,1,1,0,1
traffic-routing-hub-79.net,suspicious,5,3,3,1,1,0,1,1,1,0,0,1,1,25,0,0,0,0,3,1,1,0,0,0
cdn-installer-fast-3.xyz,malicious,5,4,2,1,0,0,0,1,1,0,0,1,1,20,0,0,0,0,1,0,1,1,1,0
trusted-service-46.com,benign,1,0,1,0,0,0,0,0,0,0,1,0,1,84,0,0,0,0,1,0,0,0,0,0
cdn-installer-fast-78.xyz,malicious,5,3,4,1,1,0,0,1,0,1,1,1,1,10,0,0,0,0,2,1,0,1,0,1
trusted-service-43.com,benign,1,0,1,0,0,0,0,0,0,0,1,0,1,88,2,0,0,1,0,0,0,0,0,0
traffic-routing-hub-51.net,suspicious,4,5,3,1,1,1,1,1,1,1,1,1,1,11,0,0,0,0,1,1,1,0,0,0
secure-login-update-63.top,phishing,2,1,2,1,0,0,0,0,0,0,1,1,1,1,2,2,1,1,2,1,0,0,0,0
trusted-service-45.com,benign,1,0,1,0,0,0,0,0,0,0,1,0,0,89,0,0,0,0,1,0,0,0,0,0
trusted-service-57.com,benign,0,0,1,0,0,0,0,0,0,0,1,0,1,85,2,1,0,1,1,0,0,0,0,0
cdn-installer-fast-57.xyz,malicious,5,2,4,1,0,0,0,0,0,0,0,1,1,16,0,0,0,0,1,1,1,1,1,0
secure-login-update-58.top,phishing,2,2,2,1,0,0,0,1,1,1,1,1,1,17,3,1,1,1,2,1,1,0,0,0
secure-login-update-51.top,phishing,1,1,2,1,1,0,0,1,1,1,1,1,1,39,3,2,1,1,0,0,0,0,0,0
cdn-installer-fast-33.xyz,malicious,5,2,3,1,1,0,0,0,1,1,0,1,1,12,0,0,0,0,3,0,0,1,1,0
traffic-routing-hub-23.net,suspicious,7,2,3,1,1,0,0,1,1,1,1,1,1,23,0,0,0,0,1,0,2,0,0,0
traffic-routing-hub-29.net,suspicious,5,2,5,1,1,0,0,1,0,0,0,1,1,39,1,0,0,0,1,0,2,0,0,0
cdn-installer-fast-18.xyz,malicious,4,4,3,1,0,0,0,1,0,1,0,1,1,15,0,0,0,0,0,1,2,1,1,0
trusted-service-80.com,benign,1,0,1,0,0,0,0,0,0,0,1,0,1,100,2,1,0,0,1,0,0,0,0,0
cdn-installer-fast-87.xyz,malicious,4,3,4,1,1,0,0,0,0,1,0,1,1,9,0,0,0,0,2,1,1,1,0,1
cdn-installer-fast-36.xyz,malicious,3,3,4,1,0,0,0,1,1,0,0,1,1,20,0,0,0,0,1,1,2,1,1,0
secure-login-update-72.top,phishing,1,1,3,1,1,0,0,0,1,0,0,1,1,12,2,2,0,1,0,1,0,0,0,0
traffic-routing-hub-1.net,suspicious,4,4,4,1,1,1,1,1,1,1,0,1,1,17,0,0,0,0,1,1,2,0,0,0
trusted-service-54.com,benign,0,0,1,0,0,0,0,0,0,0,1,0,1,84,0,1,0,0,1,0,0,0,0,0
trusted-service-1.com,benign,0,0,1,0,0,0,0,0,0,0,1,0,1,86,1,0,0,0,1,0,0,0,0,0
secure-login-update-4.top,phishing,2,2,2,1,1,0,0,0,0,1,1,1,1,28,2,1,1,1,2,0,1,0,0,0
trusted-service-4.com,benign,0,0,1,0,0,0,0,0,0,0,1,1,1,62,1,0,0,0,1,0,0,0,0,0
trusted-service-96.com,benign,1,0,1,0,0,0,0,0,0,0,1,1,1,97,3,1,0,0,1,0,0,0,0,0
cdn-installer-fast-71.xyz,malicious,5,2,3,1,0,0,0,1,0,0,0,1,1,11,0,0,0,0,0,0,0,1,0,1
cdn-installer-fast-11.xyz,malicious,2,3,2,1,0,0,0,0,0,1,0,1,1,17,0,0,0,0,1,1,0,1,0,1
trusted-service-69.com,benign,0,0,1,0,0,0,0,0,0,0,1,0,1,71,0,0,0,1,0,0,0,0,0,0
secure-login-update-49.top,phishing,2,1,2,1,1,0,0,0,0,1,1,1,1,26,2,2,1,1,0,0,0,0,0,0
traffic-routing-hub-21.net,suspicious,5,5,5,1,1,1,0,1,0,1,1,1,1,17,1,0,0,0,3,1,1,0,0,0
traffic-routing-hub-15.net,suspicious,4,4,4,1,1,1,0,1,1,1,0,1,1,29,1,0,0,0,1,1,2,0,0,0
cdn-installer-fast-36.xyz,malicious,3,4,2,1,0,0,0,0,0,1,1,1,1,16,0,0,0,0,2,2,2,1,1,0
secure-login-update-97.top,phishing,3,2,3,1,1,0,0,0,0,0,0,1,1,38,3,1,1,1,2,0,0,0,0,0
traffic-routing-hub-56.net,suspicious,4,5,4,1,1,0,0,1,1,0,1,1,1,17,1,0,0,0,2,1,1,0,0,0
secure-login-update-3.top,phishing,2,2,3,1,1,0,0,0,1,1,0,1,1,19,1,1,0,1,0,0,0,0,0,0
secure-login-update-98.top,phishing,2,1,3,1,0,0,0,0,0,0,1,1,1,33,4,1,1,1,1,1,1,0,0,0
cdn-installer-fast-1.xyz,malicious,2,4,4,1,1,0,0,1,1,0,0,1,1,11,0,0,0,0,1,2,0,1,1,0
traffic-routing-hub-77.net,suspicious,5,5,4,1,1,1,0,1,1,1,0,1,1,20,1,0,0,0,2,0,2,0,0,0
secure-login-update-91.top,phishing,3,2,2,1,0,0,0,0,0,0,0,1,1,15,1,2,0,1,1,0,1,0,0,0
secure-login-update-65.top,phishing,2,2,3,1,0,0,0,1,1,1,1,1,1,35,2,1,1,1,2,0,1,0,0,0
traffic-routing-hub-76.net,suspicious,6,2,3,1,1,0,1,1,1,0,1,1,1,25,0,0,0,0,1,1,1,0,0,0
trusted-service-99.com,benign,1,0,1,0,0,0,0,0,0,0,1,1,1,83,3,0,0,0,1,0,0,0,0,0
secure-login-update-19.top,phishing,1,2,2,1,0,0,0,1,1,0,0,1,1,35,4,1,1,1,2,1,0,0,0,0
secure-login-update-51.top,phishing,3,1,3,1,1,0,0,0,0,0,0,1,1,27,1,2,1,1,2,0,1,0,0,0
trusted-service-47.com,benign,1,0,1,0,0,0,0,0,0,0,1,0,0,84,3,1,0,0,0,0,0,0,0,0
secure-login-update-35.top,phishing,3,2,2,1,1,0,0,0,0,0,0,1,1,11,1,2,1,1,0,1,0,0,0,0
trusted-service-28.com,benign,0,0,1,0,0,0,0,0,0,0,1,1,0,95,1,1,0,1,1,0,0,0,0,0
trusted-service-81.com,benign,1,0,1,0,0,0,0,0,0,0,1,0,0,64,0,1,0,0,1,0,0,0,0,0
secure-login-update-30.top,phishing,1,1,2,1,1,0,0,0,1,1,1,1,1,31,3,2,1,1,0,1,0,0,0,0
trusted-service-11.com,benign,0,0,1,0,0,0,0,0,0,0,1,0,1,100,1,1,0,0,1,0,0,0,0,0
traffic-routing-hub-80.net,suspicious,6,3,4,1,1,0,0,1,1,1,1,1,1,35,1,0,0,0,2,0,1,0,0,0
traffic-routing-hub-3.net,suspicious,6,4,4,1,1,0,0,1,0,0,0,1,1,29,1,0,0,0,3,1,1,0,0,0
cdn-installer-fast-81.xyz,malicious,3,4,2,1,0,0,0,0,1,1,1,1,1,3,0,0,0,0,1,0,1,1,1,0
secure-login-update-7.top,phishing,3,1,3,1,1,0,0,0,1,1,0,1,1,37,2,2,1,1,1,0,1,0,0,0
cdn-installer-fast-96.xyz,malicious,2,4,2,1,1,0,0,0,0,0,1,1,1,8,0,0,0,0,3,2,2,1,1,0
trusted-service-100.com,benign,0,0,1,0,0,0,0,0,0,0,1,1,1,73,2,1,0,0,0,0,0,0,0,0
secure-login-update-21.top,phishing,3,1,2,1,1,0,0,1,0,1,1,1,1,0,2,1,0,1,0,1,0,0,0,0
trusted-service-32.com,benign,0,0,1,0,0,0,0,0,0,0,1,0,1,68,3,0,0,0,1,0,0,0,0,0
traffic-routing-hub-65.net,suspicious,7,5,4,1,1,1,0,1,1,0,0,1,1,29,1,0,0,0,1,1,1,0,0,0
secure-login-update-49.top,phishing,2,2,3,1,0,0,0,0,1,0,1,1,1,14,3,1,1,1,0,1,1,0,0,0
secure-login-update-87.top,phishing,3,2,3,1,0,0,0,0,0,1,0,1,1,3,1,1,1,1,0,1,1,0,0,0
cdn-installer-fast-25.xyz,malicious,3,2,4,1,1,0,0,1,0,1,0,1,1,6,0,0,0,0,3,1,1,1,0,1
secure-login-update-73.top,phishing,3,2,2,1,0,0,0,1,1,0,0,1,1,17,1,2,1,1,2,0,1,0,0,0
secure-login-update-25.top,phishing,2,2,3,1,1,0,0,0,0,1,0,1,1,40,4,2,1,1,1,0,1,0,0,0
cdn-installer-fast-75.xyz,malicious,3,4,2,1,1,0,0,1,0,1,0,1,1,15,0,0,0,0,1,1,0,1,0,1
cdn-installer-fast-43.xyz,malicious,2,2,3,1,1,0,0,0,0,0,1,1,1,18,0,0,0,0,2,0,2,1,0,1
secure-login-update-21.top,phishing,2,2,2,1,1,0,0,0,0,1,0,1,1,17,1,2,1,1,0,1,0,0,0,0
traffic-routing-hub-8.net,suspicious,7,2,3,1,1,0,0,1,0,1,0,1,1,27,0,0,0,0,1,1,2,0,0,0
traffic-routing-hub-70.net,suspicious,4,3,4,1,1,0,0,1,0,0,0,1,1,27,1,0,0,0,1,1,1,0,0,0
trusted-service-99.com,benign,0,0,1,0,0,0,0,0,0,0,1,1,0,94,0,0,0,0,0,0,0,0,0,0
trusted-service-27.com,benign,0,0,1,0,0,0,0,0,0,0,1,0,1,62,1,1,0,0,0,0,0,0,0,0
trusted-service-13.com,benign,1,0,1,0,0,0,0,0,0,0,1,0,1,87,3,0,0,1,0,0,0,0,0,0
trusted-service-27.com,benign,0,0,1,0,0,0,0,0,0,0,1,1,0,96,0,1,0,0,1,0,0,0,0,0
traffic-routing-hub-78.net,suspicious,5,5,4,1,1,1,0,1,0,0,1,1,1,14,0,0,0,0,2,1,2,0,0,0
trusted-service-29.com,benign,0,0,1,0,0,0,0,0,0,0,1,0,1,79,1,0,0,0,0,0,0,0,0,0
trusted-service-77.com,benign,1,0,1,0,0,0,0,0,0,0,1,0,1,66,1,0,0,0,1,0,0,0,0,0
trusted-service-15.com,benign,0,0,1,0,0,0,0,0,0,0,1,1,0,94,3,0,0,0,0,0,0,0,0,0
cdn-installer-fast-78.xyz,malicious,2,4,2,1,1,0,0,1,1,0,1,1,1,8,0,0,0,0,3,0,0,1,1,0
trusted-service-39.com,benign,0,0,1,0,0,0,0,0,0,0,1,0,1,97,2,0,0,0,1,0,0,0,0,0
secure-login-update-99.top,phishing,3,1,3,1,0,0,0,0,0,0,1,1,1,31,2,1,1,1,0,0,1,0,0,0
trusted-service-48.com,benign,0,0,1,0,0,0,0,0,0,0,1,0,0,93,2,0,0,0,1,0,0,0,0,0
trusted-service-31.com,benign,1,0,1,0,0,0,0,0,0,0,1,1,1,74,0,0,0,0,0,0,0,0,0,0
secure-login-update-46.top,phishing,2,2,2,1,0,0,0,0,0,1,0,1,1,4,3,1,1,1,0,0,1,0,0,0
cdn-installer-fast-27.xyz,malicious,3,1,3,1,0,0,0,0,1,1,0,1,1,1,0,0,0,0,0,1,1,1,1,0
secure-login-update-37.top,phishing,2,2,3,1,0,0,0,1,1,1,0,1,1,4,4,2,0,1,0,1,0,0,0,0
trusted-service-96.com,benign,1,0,1,0,0,0,0,0,0,0,1,0,1,74,0,1,0,0,0,0,0,0,0,0
secure-login-update-9.top,phishing,1,2,3,1,1,0,0,1,1,0,1,1,1,31,3,1,0,1,1,0,0,0,0,0
cdn-installer-fast-53.xyz,malicious,4,1,2,1,0,0,0,0,1,0,0,1,1,11,0,0,0,0,1,0,0,1,0,1
cdn-installer-fast-61.xyz,malicious,4,4,3,1,1,0,0,1,0,1,0,1,1,4,0,0,0,0,0,2,0,1,1,0
secure-login-update-36.top,phishing,2,1,2,1,0,0,0,0,1,1,0,1,1,16,2,2,0,1,2,0,1,0,0,0
secure-login-update-43.top,phishing,2,1,2,1,0,0,0,1,0,1,1,1,1,36,3,1,1,1,1,0,0,0,0,0
traffic-routing-hub-22.net,suspicious,6,2,3,1,1,1,0,1,1,1,1,1,1,40,1,0,0,0,3,1,2,0,0,0
traffic-routing-hub-77.net,suspicious,5,4,5,1,1,1,0,1,0,1,0,1,1,21,1,0,0,0,1,1,1,0,0,0
cdn-installer-fast-9.xyz,malicious,4,1,4,1,0,0,0,1,1,0,0,1,1,18,0,0,0,0,3,1,2,1,1,0
secure-login-update-12.top,phishing,1,2,3,1,1,0,0,0,0,0,0,1,1,37,1,1,1,1,0,1,0,0,0,0
secure-login-update-99.top,phishing,2,2,2,1,0,0,0,0,0,1,1,1,1,37,1,2,1,1,0,1,1,0,0,0
traffic-routing-hub-34.net,suspicious,7,3,4,1,1,0,1,1,1,1,0,1,1,34,0,0,0,0,2,0,2,0,0,0
secure-login-update-38.top,phishing,1,1,2,1,0,0,0,1,1,1,1,1,1,31,4,2,1,1,2,0,1,0,0,0
trusted-service-49.com,benign,0,0,1,0,0,0,0,0,0,0,1,0,1,97,3,1,0,1,1,0,0,0,0,0
secure-login-update-22.top,phishing,2,1,3,1,1,0,0,1,0,0,1,1,1,18,4,1,1,1,0,1,0,0,0,0
traffic-routing-hub-10.net,suspicious,6,4,5,1,1,1,0,1,0,1,1,1,1,36,0,0,0,0,2,1,1,0,0,0
trusted-service-18.com,benign,0,0,1,0,0,0,0,0,0,0,1,0,1,91,1,0,0,0,1,0,0,0,0,0
secure-login-update-24.top,phishing,1,1,3,1,1,0,0,0,1,0,1,1,1,20,3,2,0,1,0,0,0,0,0,0
cdn-installer-fast-48.xyz,malicious,3,3,3,1,0,0,0,0,0,0,0,1,1,7,0,0,0,0,3,2,2,1,0,1
secure-login-update-2.top,phishing,3,2,2,1,0,0,0,1,1,0,0,1,1,36,1,2,0,1,0,1,0,0,0,0
cdn-installer-fast-67.xyz,malicious,5,4,3,1,1,0,0,1,1,1,1,1,1,7,0,0,0,0,2,2,1,1,0,1
traffic-routing-hub-78.net,suspicious,7,5,3,1,1,1,0,1,0,0,0,1,1,40,0,0,0,0,2,1,2,0,0,0
cdn-installer-fast-58.xyz,malicious,2,2,2,1,0,0,0,0,1,0,0,1,1,6,0,0,0,0,0,1,1,1,0,1
secure-login-update-41.top,phishing,2,1,3,1,0,0,0,0,1,1,1,1,1,40,3,1,1,1,1,0,0,0,0,0
trusted-service-97.com,benign,0,0,1,0,0,0,0,0,0,0,1,0,0,71,3,0,0,1,0,0,0,0,0,0
secure-login-update-67.top,phishing,1,1,3,1,1,0,0,0,1,0,0,1,1,21,3,2,1,1,0,1,0,0,0,0
traffic-routing-hub-70.net,suspicious,5,2,5,1,1,0,0,1,0,0,0,1,1,39,1,0,0,0,3,1,1,0,0,0
trusted-service-9.com,benign,0,0,1,0,0,0,0,0,0,0,1,0,0,96,0,0,0,0,1,0,0,0,0,0
cdn-installer-fast-38.xyz,malicious,3,1,3,1,1,0,0,1,1,0,1,1,1,3,0,0,0,0,1,1,1,1,1,0
traffic-routing-hub-76.net,suspicious,3,5,4,1,1,0,1,1,0,1,0,1,1,24,1,0,0,0,2,0,1,0,0,0
secure-login-update-84.top,phishing,1,1,2,1,0,0,0,1,0,1,1,1,1,9,3,2,1,1,1,0,0,0,0,0
traffic-routing-hub-32.net,suspicious,4,5,3,1,1,0,1,1,1,1,0,1,1,33,0,0,0,0,3,0,1,0,0,0
trusted-service-94.com,benign,1,0,1,0,0,0,0,0,0,0,1,0,1,75,2,0,0,1,0,0,0,0,0,0
cdn-installer-fast-38.xyz,malicious,3,3,2,1,1,0,0,0,0,0,0,1,1,0,0,0,0,0,2,2,2,1,1,0
secure-login-update-96.top,phishing,1,2,3,1,1,0,0,0,0,0,1,1,1,32,3,1,1,1,2,1,1,0,0,0
secure-login-update-85.top,phishing,2,1,2,1,1,0,0,1,0,0,1,1,1,24,1,1,1,1,2,0,0,0,0,0
traffic-routing-hub-50.net,suspicious,5,3,4,1,1,0,1,1,1,0,1,1,1,19,0,0,0,0,2,0,1,0,0,0
secure-login-update-99.top,phishing,3,1,2,1,0,0,0,1,1,1,1,1,1,23,1,2,0,1,0,0,1,0,0,0
cdn-installer-fast-90.xyz,malicious,5,1,2,1,1,0,0,0,1,1,1,1,1,9,0,0,0,0,0,0,1,1,0,1
traffic-routing-hub-53.net,suspicious,4,3,5,1,1,0,1,1,0,0,1,1,1,17,1,0,0,0,3,1,2,0,0,0
cdn-installer-fast-12.xyz,malicious,5,1,2,1,1,0,0,0,0,0,0,1,1,5,0,0,0,0,1,0,1,1,1,0
secure-login-update-37.top,phishing,2,2,3,1,1,0,0,0,0,1,1,1,1,28,3,1,1,1,1,1,0,0,0,0
traffic-routing-hub-71.net,suspicious,7,4,3,1,1,0,0,1,0,0,1,1,1,33,1,0,0,0,1,0,2,0,0,0
trusted-service-72.com,benign,1,0,1,0,0,0,0,0,0,0,1,0,1,76,1,0,0,0,0,0,0,0,0,0
cdn-installer-fast-78.xyz,malicious,3,4,2,1,0,0,0,0,1,0,1,1,1,3,0,0,0,0,3,1,0,1,1,0
secure-login-update-100.top,phishing,1,2,3,1,1,0,0,0,0,1,1,1,1,2,2,2,1,1,0,1,0,0,0,0
trusted-service-60.com,benign,0,0,1,0,0,0,0,0,0,0,1,1,0,91,2,1,0,1,1,0,0,0,0,0
secure-login-update-90.top,phishing,2,2,2,1,0,0,0,0,1,0,0,1,1,27,2,1,1,1,1,1,1,0,0,0
secure-login-update-50.top,phishing,3,1,2,1,0,0,0,1,1,0,0,1,1,16,2,2,0,1,2,0,1,0,0,0
trusted-service-65.com,benign,0,0,1,0,0,0,0,0,0,0,1,0,0,68,2,0,0,1,1,0,0,0,0,0
cdn-installer-fast-55.xyz,malicious,4,1,4,1,1,0,0,1,0,1,1,1,1,20,0,0,0,0,0,1,0,1,0,1
traffic-routing-hub-21.net,suspicious,6,2,3,1,1,1,0,1,0,1,1,1,1,19,1,0,0,0,2,1,1,0,0,0
traffic-routing-hub-78.net,suspicious,6,5,4,1,1,0,0,1,0,1,0,1,1,12,1,0,0,0,3,1,2,0,0,0
trusted-service-41.com,benign,0,0,1,0,0,0,0,0,0,0,1,1,1,94,3,0,0,0,0,0,0,0,0,0
traffic-routing-hub-20.net,suspicious,6,4,4,1,1,0,1,1,0,1,1,1,1,29,0,0,0,0,3,0,1,0,0,0
cdn-installer-fast-19.xyz,malicious,5,3,3,1,1,0,0,0,1,0,0,1,1,10,0,0,0,0,2,0,0,1,0,1
trusted-service-12.com,benign,0,0,1,0,0,0,0,0,0,0,1,1,0,71,1,0,0,0,0,0,0,0,0,0
secure-login-update-38.top,phishing,1,2,2,1,0,0,0,1,0,1,0,1,1,15,4,2,1,1,1,1,1,0,0,0
cdn-installer-fast-34.xyz,malicious,2,1,3,1,0,0,0,1,1,1,1,1,1,5,0,0,0,0,1,2,1,1,1,0
cdn-installer-fast-79.xyz,malicious,5,1,3,1,1,0,0,1,0,0,0,1,1,12,0,0,0,0,1,2,1,1,0,1
trusted-service-80.com,benign,0,0,1,0,0,0,0,0,0,0,1,1,1,99,0,1,0,0,1,0,0,0,0,0
cdn-installer-fast-82.xyz,malicious,2,2,2,1,0,0,0,1,0,1,0,1,1,19,0,0,0,0,0,0,0,1,1,0
secure-login-update-61.top,phishing,1,2,2,1,0,0,0,1,0,0,0,1,1,38,2,1,0,1,2,1,0,0,0,0
secure-login-update-24.top,phishing,3,1,3,1,1,0,0,0,1,1,0,1,1,31,2,2,1,1,1,0,1,0,0,0
trusted-service-45.com,benign,0,0,1,0,0,0,0,0,0,0,1,1,1,68,0,0,0,1,1,0,0,0,0,0
trusted-service-15.com,benign,0,0,1,0,0,0,0,0,0,0,1,0,0,79,3,0,0,0,0,0,0,0,0,0
traffic-routing-hub-33.net,suspicious,5,3,4,1,1,0,0,1,1,0,0,1,1,17,0,0,0,0,1,1,2,0,0,0
traffic-routing-hub-36.net,suspicious,7,4,5,1,1,0,1,1,1,1,0,1,1,22,0,0,0,0,3,1,2,0,0,0
traffic-routing-hub-63.net,suspicious,4,2,3,1,1,0,1,1,0,1,0,1,1,30,1,0,0,0,2,0,1,0,0,0
trusted-service-79.com,benign,1,0,1,0,0,0,0,0,0,0,1,0,1,87,2,0,0,0,0,0,0,0,0,0
secure-login-update-5.top,phishing,3,2,3,1,0,0,0,1,0,0,1,1,1,29,1,1,0,1,1,0,1,0,0,0
cdn-installer-fast-88.xyz,malicious,2,2,3,1,0,0,0,0,0,0,1,1,1,5,0,0,0,0,2,0,1,1,0,1
cdn-installer-fast-78.xyz,malicious,3,4,2,1,1,0,0,1,0,0,1,1,1,4,0,0,0,0,1,1,2,1,0,1
trusted-service-53.com,benign,0,0,1,0,0,0,0,0,0,0,1,0,0,85,0,0,0,0,0,0,0,0,0,0
traffic-routing-hub-13.net,suspicious,3,2,3,1,1,1,0,1,0,1,1,1,1,39,0,0,0,0,3,0,1,0,0,0
cdn-installer-fast-54.xyz,malicious,4,3,2,1,0,0,0,0,1,1,0,1,1,8,0,0,0,0,3,0,0,1,0,1
secure-login-update-13.top,phishing,3,1,2,1,0,0,0,1,1,0,1,1,1,21,3,2,1,1,2,1,1,0,0,0
cdn-installer-fast-48.xyz,malicious,5,3,4,1,1,0,0,0,1,0,1,1,1,11,0,0,0,0,3,0,1,1,0,1
trusted-service-77.com,benign,0,0,1,0,0,0,0,0,0,0,1,0,0,79,1,0,0,0,1,0,0,0,0,0
trusted-service-79.com,benign,0,0,1,0,0,0,0,0,0,0,1,0,0,77,2,0,0,0,1,0,0,0,0,0
trusted-service-87.com,benign,1,0,1,0,0,0,0,0,0,0,1,0,1,68,0,1,0,1,1,0,0,0,0,0
cdn-installer-fast-5.xyz,malicious,5,3,4,1,1,0,0,1,0,0,0,1,1,10,0,0,0,0,3,0,1,1,0,1
secure-login-update-74.top,phishing,3,1,3,1,1,0,0,1,1,1,1,1,1,8,4,2,1,1,0,0,1,0,0,0
trusted-service-72.com,benign,0,0,1,0,0,0,0,0,0,0,1,0,0,85,1,0,0,1,1,0,0,0,0,0
trusted-service-38.com,benign,0,0,1,0,0,0,0,0,0,0,1,0,1,78,3,0,0,1,0,0,0,0,0,0
secure-login-update-40.top,phishing,3,2,3,1,0,0,0,0,0,1,0,1,1,6,4,1,0,1,1,1,0,0,0,0
traffic-routing-hub-9.net,suspicious,3,5,4,1,1,0,1,1,1,0,0,1,1,19,1,0,0,0,2,1,1,0,0,0
cdn-installer-fast-67.xyz,malicious,2,4,3,1,1,0,0,1,0,0,1,1,1,4,0,0,0,0,3,2,0,1,0,1
cdn-installer-fast-9.xyz,malicious,3,3,3,1,0,0,0,0,1,1,1,1,1,0,0,0,0,0,1,1,0,1,1,0
cdn-installer-fast-31.xyz,malicious,3,2,4,1,0,0,0,0,1,0,0,1,1,10,0,0,0,0,3,1,0,1,1,0
secure-login-update-28.top,phishing,3,2,3,1,1,0,0,0,0,1,1,1,1,9,2,1,1,1,2,1,1,0,0,0
traffic-routing-hub-79.net,suspicious,7,5,5,1,1,1,0,1,0,1,1,1,1,34,0,0,0,0,2,0,2,0,0,0
trusted-service-12.com,benign,0,0,1,0,0,0,0,0,0,0,1,0,1,95,3,0,0,1,0,0,0,0,0,0
traffic-routing-hub-51.net,suspicious,4,3,3,1,1,0,0,1,0,0,1,1,1,28,1,0,0,0,2,0,2,0,0,0
secure-login-update-13.top,phishing,2,1,2,1,1,0,0,1,1,1,0,1,1,6,1,2,1,1,2,1,0,0,0,0
trusted-service-64.com,benign,1,0,1,0,0,0,0,0,0,0,1,1,1,78,0,0,0,0,0,0,0,0,0,0
cdn-installer-fast-95.xyz,malicious,3,4,4,1,1,0,0,1,1,0,1,1,1,10,0,0,0,0,0,0,1,1,0,1
cdn-installer-fast-96.xyz,malicious,5,3,2,1,0,0,0,1,0,0,0,1,1,2,0,0,0,0,2,0,2,1,1,0
trusted-service-70.com,benign,1,0,1,0,0,0,0,0,0,0,1,1,0,71,2,0,0,0,0,0,0,0,0,0
cdn-installer-fast-40.xyz,malicious,5,2,2,1,0,0,0,0,0,0,0,1,1,7,0,0,0,0,1,0,1,1,1,0
traffic-routing-hub-51.net,suspicious,4,3,3,1,1,1,0,1,0,0,1,1,1,27,1,0,0,0,2,0,2,0,0,0
trusted-service-91.com,benign,0,0,1,0,0,0,0,0,0,0,1,1,1,80,3,0,0,1,1,0,0,0,0,0
traffic-routing-hub-66.net,suspicious,6,5,3,1,1,0,0,1,1,1,0,1,1,39,1,0,0,0,2,0,1,0,0,0
trusted-service-42.com,benign,0,0,1,0,0,0,0,0,0,0,1,0,1,86,2,0,0,0,0,0,0,0,0,0
trusted-service-57.com,benign,0,0,1,0,0,0,0,0,0,0,1,1,1,79,0,1,0,1,0,0,0,0,0,0
traffic-routing-hub-2.net,suspicious,5,2,4,1,1,0,0,1,0,0,0,1,1,21,0,0,0,0,3,0,2,0,0,0
trusted-service-87.com,benign,0,0,1,0,0,0,0,0,0,0,1,0,0,96,1,1,0,1,0,0,0,0,0,0
cdn-installer-fast-23.xyz,malicious,5,4,3,1,1,0,0,1,0,0,0,1,1,2,0,0,0,0,0,2,1,1,1,0
secure-login-update-75.top,phishing,3,1,3,1,1,0,0,1,0,1,1,1,1,14,4,2,1,1,1,1,0,0,0,0
secure-login-update-70.top,phishing,3,2,2,1,1,0,0,1,0,1,0,1,1,29,1,2,1,1,2,0,0,0,0,0
traffic-routing-hub-31.net,suspicious,4,2,5,1,1,1,0,1,0,0,1,1,1,16,0,0,0,0,1,0,2,0,0,0
cdn-installer-fast-65.xyz,malicious,3,2,3,1,1,0,0,1,0,1,0,1,1,2,0,0,0,0,2,1,0,1,1,0
cdn-installer-fast-26.xyz,malicious,3,1,3,1,0,0,0,0,0,0,0,1,1,6,0,0,0,0,2,1,1,1,0,1
trusted-service-88.com,benign,1,0,1,0,0,0,0,0,0,0,1,0,0,82,3,1,0,0,0,0,0,0,0,0
trusted-service-72.com,benign,0,0,1,0,0,0,0,0,0,0,1,1,1,91,3,0,0,0,1,0,0,0,0,0
secure-login-update-83.top,phishing,3,2,3,1,1,0,0,0,1,1,0,1,1,30,1,1,1,1,2,0,1,0,0,0
trusted-service-42.com,benign,0,0,1,0,0,0,0,0,0,0,1,0,0,82,2,0,0,0,1,0,0,0,0,0
secure-login-update-40.top,phishing,3,2,3,1,0,0,0,0,0,1,0,1,1,6,2,2,1,1,2,0,0,0,0,0
traffic-routing-hub-19.net,suspicious,6,4,3,1,1,0,0,1,1,0,0,1,1,17,0,0,0,0,3,0,1,0,0,0
secure-login-update-88.top,phishing,2,1,2,1,1,0,0,0,0,0,1,1,1,21,1,1,0,1,0,0,1,0,0,0
secure-login-update-48.top,phishing,3,1,3,1,0,0,0,0,0,1,1,1,1,29,3,1,1,1,0,1,1,0,0,0
cdn-installer-fast-67.xyz,malicious,3,1,4,1,1,0,0,0,0,1,1,1,1,20,0,0,0,0,2,0,1,1,0,1
secure-login-update-44.top,phishing,3,1,3,1,1,0,0,1,0,0,1,1,1,6,4,1,1,1,1,0,1,0,0,0
traffic-routing-hub-57.net,suspicious,3,2,5,1,1,0,0,1,1,0,1,1,1,31,0,0,0,0,3,0,1,0,0,0
secure-login-update-47.top,phishing,3,1,2,1,0,0,0,1,1,1,1,1,1,0,4,1,1,1,0,0,0,0,0,0
traffic-routing-hub-6.net,suspicious,5,5,3,1,1,0,1,1,1,1,1,1,1,29,0,0,0,0,3,0,2,0,0,0
trusted-service-53.com,benign,0,0,1,0,0,0,0,0,0,0,1,0,0,70,2,0,0,1,1,0,0,0,0,0
secure-login-update-23.top,phishing,3,1,2,1,0,0,0,0,0,1,0,1,1,28,3,2,0,1,0,0,1,0,0,0
secure-login-update-94.top,phishing,1,1,3,1,1,0,0,0,0,0,1,1,1,26,1,1,1,1,1,1,0,0,0,0
trusted-service-71.com,benign,0,0,1,0,0,0,0,0,0,0,1,0,1,88,2,0,0,1,1,0,0,0,0,0
trusted-service-53.com,benign,0,0,1,0,0,0,0,0,0,0,1,0,0,95,1,1,0,1,1,0,0,0,0,0
cdn-installer-fast-86.xyz,malicious,4,2,3,1,1,0,0,0,0,0,0,1,1,14,0,0,0,0,0,2,2,1,1,0
trusted-service-17.com,benign,0,0,1,0,0,0,0,0,0,0,1,0,1,81,2,0,0,0,1,0,0,0,0,0
trusted-service-67.com,benign,0,0,1,0,0,0,0,0,0,0,1,0,0,70,2,1,0,0,1,0,0,0,0,0
trusted-service-2.com,benign,0,0,1,0,0,0,0,0,0,0,1,0,1,61,1,0,0,0,0,0,0,0,0,0
traffic-routing-hub-31.net,suspicious,6,2,5,1,1,0,1,1,1,1,0,1,1,32,0,0,0,0,2,1,1,0,0,0
secure-login-update-42.top,phishing,1,1,2,1,1,0,0,1,0,1,1,1,1,11,1,2,1,1,2,0,0,0,0,0
trusted-service-10.com,benign,0,0,1,0,0,0,0,0,0,0,1,0,1,99,3,1,0,0,1,0,0,0,0,0
cdn-installer-fast-67.xyz,malicious,3,3,3,1,1,0,0,0,1,0,1,1,1,1,0,0,0,0,1,1,2,1,0,1
trusted-service-37.com,benign,0,0,1,0,0,0,0,0,0,0,1,1,1,85,2,0,0,0,0,0,0,0,0,0
traffic-routing-hub-57.net,suspicious,4,5,5,1,1,0,0,1,1,0,1,1,1,23,1,0,0,0,2,0,2,0,0,0
trusted-service-21.com,benign,0,0,1,0,0,0,0,0,0,0,1,0,1,100,1,1,0,0,0,0,0,0,0,0
secure-login-update-65.top,phishing,1,2,2,1,0,0,0,0,1,0,0,1,1,11,2,2,1,1,2,0,0,0,0,0
traffic-routing-hub-16.net,suspicious,5,2,3,1,1,0,0,1,0,1,0,1,1,35,0,0,0,0,3,1,1,0,0,0
secure-login-update-7.top,phishing,2,1,3,1,0,0,0,1,1,0,0,1,1,1,2,1,1,1,1,0,1,0,0,0
secure-login-update-1.top,phishing,1,1,3,1,1,0,0,1,0,0,0,1,1,28,1,2,1,1,2,1,1,0,0,0
cdn-installer-fast-97.xyz,malicious,2,2,2,1,1,0,0,0,0,0,1,1,1,13,0,0,0,0,0,1,1,1,0,1
secure-login-update-3.top,phishing,2,1,2,1,0,0,0,1,1,0,1,1,1,25,1,2,1,1,1,1,0,0,0,0
secure-login-update-87.top,phishing,1,2,2,1,0,0,0,0,0,1,1,1,1,22,4,2,1,1,0,0,0,0,0,0
traffic-routing-hub-67.net,suspicious,4,3,3,1,1,0,0,1,1,0,1,1,1,20,0,0,0,0,2,1,1,0,0,0
trusted-service-36.com,benign,0,0,1,0,0,0,0,0,0,0,1,0,1,71,0,1,0,0,0,0,0,0,0,0
secure-login-update-34.top,phishing,1,2,3,1,0,0,0,0,1,0,1,1,1,25,2,1,0,1,0,1,1,0,0,0
traffic-routing-hub-65.net,suspicious,5,4,4,1,1,1,1,1,1,0,1,1,1,25,0,0,0,0,3,1,1,0,0,0
secure-login-update-40.top,phishing,2,1,2,1,1,0,0,1,1,0,0,1,1,13,2,1,0,1,2,0,1,0,0,0
trusted-service-37.com,benign,0,0,1,0,0,0,0,0,0,0,1,1,0,99,3,0,0,1,0,0,0,0,0,0
traffic-routing-hub-28.net,suspicious,5,4,4,1,1,0,0,1,1,0,1,1,1,29,1,0,0,0,1,0,1,0,0,0
cdn-installer-fast-23.xyz,malicious,2,3,4,1,1,0,0,0,1,0,0,1,1,3,0,0,0,0,1,1,1,1,1,0
secure-login-update-72.top,phishing,1,1,3,1,0,0,0,1,1,1,0,1,1,5,3,2,0,1,1,0,1,0,0,0
traffic-routing-hub-75.net,suspicious,5,5,4,1,1,0,1,1,0,0,0,1,1,40,1,0,0,0,1,1,1,0,0,0
trusted-service-11.com,benign,0,0,1,0,0,0,0,0,0,0,1,0,1,77,3,1,0,0,0,0,0,0,0,0
cdn-installer-fast-72.xyz,malicious,5,1,3,1,1,0,0,1,1,0,1,1,1,19,0,0,0,0,0,0,0,1,0,1
cdn-installer-fast-38.xyz,malicious,4,2,3,1,0,0,0,1,1,0,0,1,1,14,0,0,0,0,3,1,0,1,1,0
secure-login-update-18.top,phishing,2,1,2,1,0,0,0,0,0,1,1,1,1,13,2,2,1,1,2,1,0,0,0,0
trusted-service-60.com,benign,1,0,1,0,0,0,0,0,0,0,1,1,0,82,0,0,0,0,1,0,0,0,0,0
cdn-installer-fast-11.xyz,malicious,5,2,4,1,0,0,0,0,1,0,1,1,1,18,0,0,0,0,1,1,0,1,0,1
cdn-installer-fast-78.xyz,malicious,4,2,4,1,1,0,0,1,0,0,0,1,1,8,0,0,0,0,1,1,2,1,1,0
trusted-service-43.com,benign,0,0,1,0,0,0,0,0,0,0,1,0,1,68,3,0,0,0,0,0,0,0,0,0
cdn-installer-fast-83.xyz,malicious,4,2,4,1,0,0,0,0,0,0,1,1,1,18,0,0,0,0,1,0,0,1,0,1
cdn-installer-fast-90.xyz,malicious,2,2,3,1,0,0,0,1,1,0,0,1,1,16,0,0,0,0,1,1,0,1,0,1
cdn-installer-fast-77.xyz,malicious,2,2,3,1,1,0,0,0,0,0,1,1,1,11,0,0,0,0,1,1,0,1,1,0
secure-login-update-37.top,phishing,3,1,3,1,1,0,0,1,0,0,1,1,1,38,4,1,1,1,2,1,1,0,0,0
cdn-installer-fast-73.xyz,malicious,2,2,2,1,0,0,0,0,0,1,0,1,1,9,0,0,0,0,0,1,1,1,1,0
secure-login-update-82.top,phishing,1,2,3,1,0,0,0,1,1,1,0,1,1,7,3,2,1,1,2,0,0,0,0,0
cdn-installer-fast-38.xyz,malicious,2,4,3,1,1,0,0,1,1,0,1,1,1,13,0,0,0,0,3,0,0,1,0,1
cdn-installer-fast-69.xyz,malicious,2,2,3,1,1,0,0,0,1,0,0,1,1,16,0,0,0,0,2,1,1,1,0,1
cdn-installer-fast-82.xyz,malicious,3,3,2,1,0,0,0,1,0,0,1,1,1,2,0,0,0,0,2,0,1,1,1,0
traffic-routing-hub-9.net,suspicious,6,2,5,1,1,0,0,1,1,1,0,1,1,36,1,0,0,0,2,0,2,0,0,0
secure-login-update-40.top,phishing,1,2,2,1,1,0,0,0,0,0,0,1,1,39,3,1,0,1,0,0,1,0,0,0
secure-login-update-67.top,phishing,3,2,2,1,1,0,0,0,1,0,0,1,1,18,3,2,1,1,2,0,1,0,0,0
trusted-service-73.com,benign,0,0,1,0,0,0,0,0,0,0,1,0,0,62,2,1,0,0,1,0,0,0,0,0
trusted-service-32.com,benign,1,0,1,0,0,0,0,0,0,0,1,0,1,89,0,1,0,0,0,0,0,0,0,0
traffic-routing-hub-16.net,suspicious,5,2,3,1,1,0,1,1,1,1,1,1,1,32,1,0,0,0,1,1,1,0,0,0
trusted-service-47.com,benign,0,0,1,0,0,0,0,0,0,0,1,1,0,98,1,1,0,0,1,0,0,0,0,0
trusted-service-82.com,benign,0,0,1,0,0,0,0,0,0,0,1,1,0,87,1,1,0,1,1,0,0,0,0,0
trusted-service-8.com,benign,0,0,1,0,0,0,0,0,0,0,1,0,1,66,3,1,0,0,0,0,0,0,0,0
cdn-installer-fast-78.xyz,malicious,2,2,2,1,1,0,0,0,0,0,1,1,1,4,0,0,0,0,1,0,2,1,1,0
cdn-installer-fast-16.xyz,malicious,4,4,2,1,1,0,0,1,1,0,0,1,1,5,0,0,0,0,2,1,0,1,1,0
cdn-installer-fast-85.xyz,malicious,4,4,4,1,0,0,0,1,1,1,0,1,1,0,0,0,0,0,2,1,2,1,1,0
trusted-service-15.com,benign,0,0,1,0,0,0,0,0,0,0,1,0,0,74,3,1,0,0,0,0,0,0,0,0
cdn-installer-fast-32.xyz,malicious,3,3,3,1,0,0,0,1,0,0,1,1,1,0,0,0,0,0,2,0,1,1,1,0
secure-login-update-98.top,phishing,1,1,3,1,1,0,0,1,1,1,1,1,1,0,1,1,1,1,1,0,1,0,0,0
traffic-routing-hub-66.net,suspicious,3,2,3,1,1,0,0,1,0,0,1,1,1,12,0,0,0,0,3,0,1,0,0,0
secure-login-update-26.top,phishing,3,2,2,1,0,0,0,0,1,1,1,1,1,25,2,1,1,1,2,1,1,0,0,0
cdn-installer-fast-42.xyz,malicious,2,1,3,1,0,0,0,1,0,0,0,1,1,17,0,0,0,0,0,0,2,1,0,1
secure-login-update-44.top,phishing,3,1,3,1,1,0,0,1,0,1,0,1,1,34,2,1,1,1,2,1,1,0,0,0
cdn-installer-fast-69.xyz,malicious,3,3,3,1,1,0,0,1,1,1,1,1,1,17,0,0,0,0,3,0,1,1,1,0
trusted-service-100.com,benign,1,0,1,0,0,0,0,0,0,0,1,0,0,88,1,0,0,0,0,0,0,0,0,0
secure-login-update-64.top,phishing,2,2,3,1,0,0,0,1,0,0,1,1,1,4,1,2,0,1,1,1,0,0,0,0
trusted-service-82.com,benign,0,0,1,0,0,0,0,0,0,0,1,0,1,75,1,0,0,1,0,0,0,0,0,0
secure-login-update-47.top,phishing,2,1,3,1,1,0,0,1,0,1,0,1,1,1,1,1,1,1,0,0,0,0,0,0
traffic-routing-hub-63.net,suspicious,4,2,4,1,1,1,1,1,0,1,0,1,1,19,0,0,0,0,1,1,2,0,0,0
secure-login-update-27.top,phishing,1,2,2,1,0,0,0,0,1,0,0,1,1,25,1,1,1,1,2,0,0,0,0,0
cdn-installer-fast-39.xyz,malicious,3,1,2,1,1,0,0,1,1,0,0,1,1,16,0,0,0,0,2,0,0,1,1,0
cdn-installer-fast-31.xyz,malicious,3,4,2,1,1,0,0,0,1,0,1,1,1,10,0,0,0,0,1,1,0,1,0,1
cdn-installer-fast-4.xyz,malicious,5,1,3,1,0,0,0,0,1,0,0,1,1,7,0,0,0,0,1,2,2,1,0,1
trusted-service-68.com,benign,1,0,1,0,0,0,0,0,0,0,1,0,1,82,1,0,0,0,0,0,0,0,0,0
secure-login-update-54.top,phishing,2,1,3,1,1,0,0,1,0,0,1,1,1,1,2,1,0,1,2,0,0,0,0,0
trusted-service-37.com,benign,1,0,1,0,0,0,0,0,0,0,1,1,0,64,3,0,0,1,1,0,0,0,0,0
secure-login-update-44.top,phishing,3,1,2,1,0,0,0,0,0,1,0,1,1,1,2,2,1,1,0,1,0,0,0,0
secure-login-update-19.top,phishing,1,1,2,1,0,0,0,1,1,0,0,1,1,19,1,1,1,1,1,0,0,0,0,0
trusted-service-71.com,benign,0,0,1,0,0,0,0,0,0,0,1,1,0,100,3,0,0,0,1,0,0,0,0,0
traffic-routing-hub-7.net,suspicious,4,2,5,1,1,0,0,1,0,1,0,1,1,26,1,0,0,0,2,0,2,0,0,0
trusted-service-100.com,benign,0,0,1,0,0,0,0,0,0,0,1,1,0,100,2,0,0,0,0,0,0,0,0,0
cdn-installer-fast-22.xyz,malicious,3,1,3,1,0,0,0,0,1,1,1,1,1,12,0,0,0,0,1,1,0,1,0,1
secure-login-update-91.top,phishing,2,2,2,1,0,0,0,1,0,1,1,1,1,15,1,1,1,1,0,0,1,0,0,0
trusted-service-37.com,benign,1,0,1,0,0,0,0,0,0,0,1,0,1,88,2,1,0,0,0,0,0,0,0,0
trusted-service-17.com,benign,1,0,1,0,0,0,0,0,0,0,1,1,0,85,0,0,0,1,1,0,0,0,0,0
trusted-service-94.com,benign,0,0,1,0,0,0,0,0,0,0,1,0,1,80,3,0,0,0,0,0,0,0,0,0
trusted-service-31.com,benign,0,0,1,0,0,0,0,0,0,0,1,1,1,82,2,0,0,0,1,0,0,0,0,0
cdn-installer-fast-48.xyz,malicious,4,2,2,1,1,0,0,0,0,0,1,1,1,10,0,0,0,0,1,1,1,1,0,1
trusted-service-70.com,benign,0,0,1,0,0,0,0,0,0,0,1,0,0,66,1,1,0,1,1,0,0,0,0,0
traffic-routing-hub-58.net,suspicious,6,4,5,1,1,0,0,1,1,1,1,1,1,11,0,0,0,0,2,1,2,0,0,0
cdn-installer-fast-62.xyz,malicious,2,3,3,1,0,0,0,1,0,0,0,1,1,2,0,0,0,0,3,0,0,1,1,0
secure-login-update-99.top,phishing,1,1,3,1,0,0,0,1,0,1,0,1,1,20,2,1,0,1,2,1,1,0,0,0
cdn-installer-fast-42.xyz,malicious,2,4,4,1,1,0,0,0,1,0,1,1,1,7,0,0,0,0,0,2,1,1,1,0
traffic-routing-hub-58.net,suspicious,4,3,4,1,1,0,0,1,1,1,0,1,1,31,0,0,0,0,2,1,2,0,0,0
secure-login-update-41.top,phishing,3,2,3,1,1,0,0,1,1,0,0,1,1,24,3,2,1,1,1,1,0,0,0,0
traffic-routing-hub-16.net,suspicious,3,5,3,1,1,0,0,1,0,0,1,1,1,37,1,0,0,0,2,0,2,0,0,0
trusted-service-77.com,benign,0,0,1,0,0,0,0,0,0,0,1,1,1,97,0,0,0,0,1,0,0,0,0,0
secure-login-update-31.top,phishing,1,2,3,1,1,0,0,0,1,1,1,1,1,7,4,1,0,1,1,1,0,0,0,0
trusted-service-37.com,benign,1,0,1,0,0,0,0,0,0,0,1,1,1,93,2,0,0,0,1,0,0,0,0,0
trusted-service-32.com,benign,0,0,1,0,0,0,0,0,0,0,1,0,0,63,0,0,0,0,0,0,0,0,0,0
secure-login-update-93.top,phishing,3,1,2,1,0,0,0,1,1,1,1,1,1,1,2,2,1,1,2,0,1,0,0,0
trusted-service-7.com,benign,0,0,1,0,0,0,0,0,0,0,1,1,1,75,3,0,0,0,0,0,0,0,0,0
traffic-routing-hub-48.net,suspicious,7,5,3,1,1,0,0,1,0,0,0,1,1,21,0,0,0,0,1,0,2,0,0,0
cdn-installer-fast-89.xyz,malicious,4,3,3,1,0,0,0,0,1,1,1,1,1,15,0,0,0,0,3,2,1,1,1,0
trusted-service-38.com,benign,0,0,1,0,0,0,0,0,0,0,1,0,0,80,1,1,0,0,1,0,0,0,0,0
traffic-routing-hub-42.net,suspicious,4,3,4,1,1,0,1,1,0,0,0,1,1,11,0,0,0,0,1,0,2,0,0,0
secure-login-update-56.top,phishing,1,1,2,1,0,0,0,1,1,1,1,1,1,2,3,1,1,1,2,0,0,0,0,0
trusted-service-33.com,benign,0,0,1,0,0,0,0,0,0,0,1,0,0,64,1,1,0,0,1,0,0,0,0,0
secure-login-update-99.top,phishing,1,2,2,1,0,0,0,0,0,0,1,1,1,19,3,2,1,1,2,0,0,0,0,0
traffic-routing-hub-53.net,suspicious,4,2,5,1,1,0,0,1,0,1,0,1,1,20,0,0,0,0,1,1,1,0,0,0
traffic-routing-hub-33.net,suspicious,5,3,3,1,1,0,0,1,1,1,0,1,1,29,1,0,0,0,1,1,1,0,0,0
secure-login-update-17.top,phishing,1,1,2,1,0,0,0,1,0,0,0,1,1,36,4,2,1,1,2,1,0,0,0,0
trusted-service-32.com,benign,0,0,1,0,0,0,0,0,0,0,1,0,0,75,1,0,0,1,0,0,0,0,0,0
traffic-routing-hub-19.net,suspicious,4,3,5,1,1,0,0,1,0,0,1,1,1,34,0,0,0,0,1,0,2,0,0,0
secure-login-update-87.top,phishing,3,1,3,1,0,0,0,1,1,0,1,1,1,25,2,2,1,1,1,1,0,0,0,0
secure-login-update-81.top,phishing,3,2,3,1,1,0,0,1,1,1,0,1,1,17,2,2,1,1,2,0,1,0,0,0
trusted-service-51.com,benign,1,0,1,0,0,0,0,0,0,0,1,0,0,73,2,0,0,0,1,0,0,0,0,0
trusted-service-32.com,benign,0,0,1,0,0,0,0,0,0,0,1,0,0,91,3,1,0,0,1,0,0,0,0,0
trusted-service-97.com,benign,1,0,1,0,0,0,0,0,0,0,1,0,0,77,3,1,0,0,1,0,0,0,0,0
trusted-service-70.com,benign,0,0,1,0,0,0,0,0,0,0,1,1,1,70,2,0,0,0,1,0,0,0,0,0
cdn-installer-fast-63.xyz,malicious,5,1,3,1,0,0,0,0,1,1,1,1,1,20,0,0,0,0,3,0,0,1,1,0
traffic-routing-hub-11.net,suspicious,3,2,3,1,1,0,0,1,1,1,0,1,1,33,0,0,0,0,1,1,1,0,0,0
traffic-routing-hub-69.net,suspicious,7,2,4,1,1,1,0,1,1,1,0,1,1,20,1,0,0,0,1,0,2,0,0,0
trusted-service-24.com,benign,0,0,1,0,0,0,0,0,0,0,1,0,1,72,1,0,0,0,0,0,0,0,0,0
trusted-service-82.com,benign,0,0,1,0,0,0,0,0,0,0,1,0,0,60,2,0,0,1,1,0,0,0,0,0
trusted-service-71.com,benign,0,0,1,0,0,0,0,0,0,0,1,0,1,91,0,0,0,1,0,0,0,0,0,0
cdn-installer-fast-94.xyz,malicious,4,1,4,1,0,0,0,0,1,0,1,1,1,8,0,0,0,0,3,2,2,1,1,0
secure-login-update-37.top,phishing,1,2,3,1,1,0,0,1,0,0,0,1,1,34,2,1,0,1,1,0,0,0,0,0
cdn-installer-fast-40.xyz,malicious,5,3,3,1,0,0,0,1,1,1,1,1,1,10,0,0,0,0,0,2,0,1,1,0
traffic-routing-hub-51.net,suspicious,7,3,3,1,1,1,0,1,0,0,1,1,1,26,0,0,0,0,3,0,2,0,0,0
traffic-routing-hub-63.net,suspicious,3,2,3,1,1,0,0,1,0,1,0,1,1,38,0,0,0,0,1,1,1,0,0,0
secure-login-update-97.top,phishing,1,1,3,1,1,0,0,0,1,0,0,1,1,16,4,1,0,1,2,0,1,0,0,0
secure-login-update-49.top,phishing,3,1,3,1,1,0,0,1,0,1,0,1,1,17,4,2,1,1,0,1,1,0,0,0
trusted-service-28.com,benign,1,0,1,0,0,0,0,0,0,0,1,0,1,75,3,0,0,0,0,0,0,0,0,0
cdn-installer-fast-2.xyz,malicious,2,2,3,1,1,0,0,1,1,0,0,1,1,17,0,0,0,0,1,2,1,1,0,1
cdn-installer-fast-92.xyz,malicious,5,1,4,1,0,0,0,1,0,1,1,1,1,9,0,0,0,0,3,2,1,1,0,1
cdn-installer-fast-46.xyz,malicious,4,4,4,1,0,0,0,1,1,0,0,1,1,17,0,0,0,0,1,1,2,1,1,0
traffic-routing-hub-24.net,suspicious,5,4,4,1,1,1,0,1,0,1,1,1,1,12,1,0,0,0,2,0,1,0,0,0
secure-login-update-71.top,phishing,3,2,2,1,1,0,0,0,1,1,1,1,1,4,3,1,1,1,2,0,0,0,0,0
cdn-installer-fast-45.xyz,malicious,2,4,2,1,0,0,0,0,0,1,1,1,1,13,0,0,0,0,0,2,1,1,1,0
traffic-routing-hub-1.net,suspicious,4,4,3,1,1,0,0,1,1,1,0,1,1,14,0,0,0,0,3,0,2,0,0,0
secure-login-update-91.top,phishing,3,2,2,1,0,0,0,1,1,1,0,1,1,11,1,2,1,1,0,0,1,0,0,0
secure-login-update-67.top,phishing,2,2,2,1,1,0,0,0,1,1,1,1,1,37,1,2,0,1,1,1,0,0,0,0
trusted-service-52.com,benign,1,0,1,0,0,0,0,0,0,0,1,1,1,67,2,0,0,1,0,0,0,0,0,0
cdn-installer-fast-60.xyz,malicious,2,2,4,1,0,0,0,1,1,0,1,1,1,10,0,0,0,0,0,1,1,1,1,0
trusted-service-7.com,benign,0,0,1,0,0,0,0,0,0,0,1,0,1,75,1,0,0,1,1,0,0,0,0,0
secure-login-update-83.top,phishing,3,1,3,1,0,0,0,0,1,0,0,1,1,1,1,2,1,1,0,0,1,0,0,0
secure-login-update-53.top,phishing,2,2,3,1,1,0,0,0,0,1,1,1,1,9,4,1,1,1,1,0,0,0,0,0
cdn-installer-fast-24.xyz,malicious,4,3,3,1,1,0,0,1,1,1,0,1,1,20,0,0,0,0,1,1,1,1,0,1
trusted-service-46.com,benign,1,0,1,0,0,0,0,0,0,0,1,0,1,89,3,0,0,0,1,0,0,0,0,0
trusted-service-77.com,benign,0,0,1,0,0,0,0,0,0,0,1,0,0,67,2,0,0,0,0,0,0,0,0,0
traffic-routing-hub-15.net,suspicious,4,5,5,1,1,1,0,1,0,0,0,1,1,31,1,0,0,0,1,1,1,0,0,0
cdn-installer-fast-41.xyz,malicious,5,1,4,1,0,0,0,0,1,0,0,1,1,17,0,0,0,0,3,0,1,1,0,1
cdn-installer-fast-37.xyz,malicious,2,4,2,1,1,0,0,0,1,0,1,1,1,4,0,0,0,0,3,2,1,1,0,1
secure-login-update-48.top,phishing,2,2,3,1,0,0,0,0,0,0,0,1,1,12,1,2,1,1,0,0,0,0,0,0
trusted-service-16.com,benign,0,0,1,0,0,0,0,0,0,0,1,0,1,93,2,0,0,1,1,0,0,0,0,0
trusted-service-70.com,benign,0,0,1,0,0,0,0,0,0,0,1,0,1,62,2,0,0,0,0,0,0,0,0,0
traffic-routing-hub-64.net,suspicious,4,2,5,1,1,0,0,1,1,1,0,1,1,27,0,0,0,0,1,0,1,0,0,0
trusted-service-13.com,benign,1,0,1,0,0,0,0,0,0,0,1,0,1,98,0,0,0,1,0,0,0,0,0,0
cdn-installer-fast-6.xyz,malicious,3,1,2,1,0,0,0,1,1,0,1,1,1,18,0,0,0,0,0,2,2,1,0,1
secure-login-update-40.top,phishing,2,1,3,1,1,0,0,0,1,0,0,1,1,9,2,1,0,1,2,1,1,0,0,0
secure-login-update-95.top,phishing,3,1,3,1,1,0,0,1,0,0,0,1,1,0,4,1,0,1,2,1,0,0,0,0
cdn-installer-fast-72.xyz,malicious,2,3,3,1,0,0,0,1,0,0,0,1,1,5,0,0,0,0,0,0,1,1,0,1
cdn-installer-fast-15.xyz,malicious,2,4,3,1,0,0,0,0,1,0,1,1,1,12,0,0,0,0,1,2,2,1,1,0
cdn-installer-fast-28.xyz,malicious,2,3,3,1,1,0,0,1,1,1,1,1,1,12,0,0,0,0,2,0,1,1,0,1
cdn-installer-fast-14.xyz,malicious,3,2,3,1,0,0,0,0,0,1,1,1,1,19,0,0,0,0,0,1,1,1,1,0
cdn-installer-fast-13.xyz,malicious,2,4,4,1,1,0,0,0,1,0,0,1,1,2,0,0,0,0,0,1,0,1,1,0
secure-login-update-8.top,phishing,3,2,2,1,0,0,0,1,0,1,1,1,1,5,2,1,1,1,1,0,1,0,0,0
cdn-installer-fast-56.xyz,malicious,5,3,4,1,0,0,0,1,1,0,0,1,1,11,0,0,0,0,3,2,1,1,0,1
secure-login-update-32.top,phishing,1,1,2,1,0,0,0,1,1,1,1,1,1,37,2,1,1,1,1,1,1,0,0,0
cdn-installer-fast-45.xyz,malicious,2,2,4,1,0,0,0,0,1,1,1,1,1,16,0,0,0,0,0,2,2,1,0,1
secure-login-update-55.top,phishing,3,2,3,1,1,0,0,1,1,1,0,1,1,26,4,1,1,1,2,1,1,0,0,0
secure-login-update-25.top,phishing,1,1,3,1,0,0,0,1,0,0,1,1,1,20,1,1,1,1,2,1,1,0,0,0
secure-login-update-81.top,phishing,1,2,2,1,0,0,0,0,1,0,1,1,1,7,2,2,1,1,0,1,1,0,0,0
cdn-installer-fast-36.xyz,malicious,5,3,2,1,0,0,0,0,0,1,0,1,1,2,0,0,0,0,2,2,2,1,0,1
cdn-installer-fast-32.xyz,malicious,3,2,3,1,1,0,0,1,0,1,1,1,1,2,0,0,0,0,2,1,1,1,0,1
secure-login-update-34.top,phishing,3,2,2,1,0,0,0,1,0,1,0,1,1,30,3,2,0,1,2,0,0,0,0,0
secure-login-update-3.top,phishing,1,1,3,1,0,0,0,0,1,0,0,1,1,29,1,1,1,1,1,1,1,0,0,0
secure-login-update-7.top,phishing,3,1,3,1,1,0,0,1,0,1,1,1,1,9,2,1,1,1,1,0,1,0,0,0
trusted-service-73.com,benign,0,0,1,0,0,0,0,0,0,0,1,0,1,83,1,1,0,1,0,0,0,0,0,0
traffic-routing-hub-43.net,suspicious,5,5,4,1,1,1,1,1,0,0,1,1,1,26,0,0,0,0,3,1,1,0,0,0
cdn-installer-fast-26.xyz,malicious,5,2,3,1,0,0,0,1,1,1,0,1,1,17,0,0,0,0,1,0,0,1,1,0
secure-login-update-97.top,phishing,3,1,2,1,1,0,0,1,1,0,0,1,1,21,1,2,1,1,2,0,1,0,0,0
cdn-installer-fast-36.xyz,malicious,3,3,4,1,1,0,0,1,1,1,1,1,1,9,0,0,0,0,1,0,2,1,0,1
secure-login-update-53.top,phishing,2,1,2,1,1,0,0,1,1,0,1,1,1,38,2,2,0,1,0,0,0,0,0,0
trusted-service-43.com,benign,1,0,1,0,0,0,0,0,0,0,1,1,1,89,2,0,0,1,0,0,0,0,0,0
secure-login-update-44.top,phishing,1,1,3,1,1,0,0,1,1,1,1,1,1,26,2,1,0,1,2,0,0,0,0,0
secure-login-update-53.top,phishing,1,2,2,1,1,0,0,0,0,1,1,1,1,18,1,1,1,1,1,0,1,0,0,0
secure-login-update-30.top,phishing,2,2,3,1,1,0,0,1,1,1,1,1,1,31,3,1,1,1,0,0,1,0,0,0
trusted-service-30.com,benign,0,0,1,0,0,0,0,0,0,0,1,0,1,60,1,0,0,0,0,0,0,0,0,0
cdn-installer-fast-4.xyz,malicious,4,4,3,1,0,0,0,1,0,0,0,1,1,17,0,0,0,0,2,2,0,1,1,0
traffic-routing-hub-64.net,suspicious,5,3,4,1,1,0,1,1,1,1,1,1,1,14,1,0,0,0,3,0,2,0,0,0
cdn-installer-fast-3.xyz,malicious,4,4,4,1,1,0,0,1,1,1,0,1,1,16,0,0,0,0,2,1,2,1,0,1
secure-login-update-93.top,phishing,2,2,2,1,1,0,0,0,1,0,1,1,1,5,1,2,1,1,1,1,0,0,0,0
cdn-installer-fast-70.xyz,malicious,2,2,2,1,0,0,0,1,0,1,0,1,1,4,0,0,0,0,3,1,2,1,1,0
cdn-installer-fast-33.xyz,malicious,2,1,4,1,1,0,0,1,1,0,1,1,1,20,0,0,0,0,0,0,1,1,0,1
cdn-installer-fast-94.xyz,malicious,3,2,3,1,1,0,0,0,0,0,1,1,1,11,0,0,0,0,1,0,2,1,0,1
trusted-service-28.com,benign,1,0,1,0,0,0,0,0,0,0,1,0,1,89,1,0,0,0,0,0,0,0,0,0
secure-login-update-96.top,phishing,2,2,3,1,0,0,0,1,1,1,1,1,1,31,1,1,0,1,1,1,1,0,0,0
cdn-installer-fast-27.xyz,malicious,4,3,4,1,0,0,0,0,0,1,1,1,1,7,0,0,0,0,1,1,2,1,0,1
secure-login-update-21.top,phishing,1,2,2,1,1,0,0,1,1,0,1,1,1,16,2,2,0,1,1,0,1,0,0,0
trusted-service-21.com,benign,1,0,1,0,0,0,0,0,0,0,1,0,1,95,0,0,0,0,0,0,0,0,0,0
trusted-service-65.com,benign,1,0,1,0,0,0,0,0,0,0,1,1,1,64,3,1,0,0,1,0,0,0,0,0
secure-login-update-87.top,phishing,2,2,2,1,0,0,0,0,0,0,0,1,1,21,3,2,1,1,1,0,1,0,0,0
secure-login-update-81.top,phishing,2,1,2,1,1,0,0,1,0,1,1,1,1,17,2,1,1,1,1,0,1,0,0,0
trusted-service-10.com,benign,1,0,1,0,0,0,0,0,0,0,1,0,0,95,1,1,0,1,0,0,0,0,0,0
traffic-routing-hub-45.net,suspicious,6,5,3,1,1,0,1,1,1,0,0,1,1,19,0,0,0,0,2,1,1,0,0,0
secure-login-update-14.top,phishing,2,2,3,1,1,0,0,0,1,1,1,1,1,18,4,1,0,1,1,1,1,0,0,0
secure-login-update-77.top,phishing,3,2,3,1,1,0,0,1,1,0,0,1,1,29,1,2,0,1,0,0,0,0,0,0
secure-login-update-71.top,phishing,2,2,3,1,0,0,0,0,1,0,1,1,1,15,3,2,1,1,2,1,0,0,0,0
traffic-routing-hub-74.net,suspicious,4,3,5,1,1,0,0,1,1,0,0,1,1,26,0,0,0,0,3,0,2,0,0,0
secure-login-update-69.top,phishing,2,2,2,1,0,0,0,1,1,0,0,1,1,3,4,2,1,1,1,1,1,0,0,0
secure-login-update-48.top,phishing,1,1,2,1,0,0,0,0,1,1,0,1,1,12,2,1,1,1,0,1,1,0,0,0
traffic-routing-hub-63.net,suspicious,5,2,5,1,1,1,0,1,0,1,0,1,1,31,0,0,0,0,1,0,1,0,0,0
traffic-routing-hub-51.net,suspicious,4,2,3,1,1,0,0,1,0,0,1,1,1,28,0,0,0,0,2,0,2,0,0,0
trusted-service-44.com,benign,0,0,1,0,0,0,0,0,0,0,1,0,0,69,3,0,0,0,0,0,0,0,0,0
cdn-installer-fast-4.xyz,malicious,3,2,2,1,1,0,0,0,0,1,0,1,1,10,0,0,0,0,0,2,1,1,1,0
trusted-service-5.com,benign,0,0,1,0,0,0,0,0,0,0,1,0,0,78,0,0,0,0,0,0,0,0,0,0
cdn-installer-fast-4.xyz,malicious,2,2,4,1,1,0,0,1,1,0,1,1,1,17,0,0,0,0,1,2,1,1,1,0
trusted-service-51.com,benign,0,0,1,0,0,0,0,0,0,0,1,1,0,88,3,0,0,0,0,0,0,0,0,0
trusted-service-71.com,benign,0,0,1,0,0,0,0,0,0,0,1,1,0,94,2,1,0,0,0,0,0,0,0,0
cdn-installer-fast-84.xyz,malicious,5,2,3,1,1,0,0,1,1,0,1,1,1,13,0,0,0,0,1,0,1,1,1,0
trusted-service-87.com,benign,0,0,1,0,0,0,0,0,0,0,1,0,1,75,2,1,0,0,1,0,0,0,0,0
cdn-installer-fast-45.xyz,malicious,5,2,3,1,0,0,0,0,0,0,1,1,1,18,0,0,0,0,2,0,2,1,0,1
secure-login-update-56.top,phishing,1,2,3,1,1,0,0,1,1,1,0,1,1,2,2,2,1,1,0,1,1,0,0,0
traffic-routing-hub-55.net,suspicious,7,4,3,1,1,1,1,1,1,1,0,1,1,23,1,0,0,0,2,1,1,0,0,0
traffic-routing-hub-27.net,suspicious,4,4,3,1,1,0,0,1,0,0,0,1,1,37,0,0,0,0,1,0,1,0,0,0
traffic-routing-hub-34.net,suspicious,6,4,4,1,1,0,0,1,1,1,1,1,1,24,1,0,0,0,2,1,2,0,0,0
trusted-service-17.com,benign,1,0,1,0,0,0,0,0,0,0,1,1,0,68,3,1,0,0,0,0,0,0,0,0
trusted-service-58.com,benign,0,0,1,0,0,0,0,0,0,0,1,0,0,92,1,0,0,0,1,0,0,0,0,0
trusted-service-35.com,benign,0,0,1,0,0,0,0,0,0,0,1,0,0,70,2,1,0,1,1,0,0,0,0,0
cdn-installer-fast-39.xyz,malicious,5,1,3,1,1,0,0,1,1,1,0,1,1,3,0,0,0,0,0,0,0,1,1,0
secure-login-update-43.top,phishing,1,1,2,1,1,0,0,0,0,1,0,1,1,29,3,1,0,1,1,1,1,0,0,0
cdn-installer-fast-47.xyz,malicious,5,1,2,1,1,0,0,0,1,1,0,1,1,18,0,0,0,0,3,2,1,1,1,0
trusted-service-9.com,benign,0,0,1,0,0,0,0,0,0,0,1,0,0,97,1,0,0,0,0,0,0,0,0,0
secure-login-update-2.top,phishing,3,2,2,1,1,0,0,0,1,0,0,1,1,24,1,1,0,1,1,1,1,0,0,0
cdn-installer-fast-66.xyz,malicious,4,1,4,1,1,0,0,1,0,0,1,1,1,1,0,0,0,0,2,2,2,1,0,1
traffic-routing-hub-10.net,suspicious,6,4,4,1,1,0,1,1,0,1,0,1,1,15,1,0,0,0,2,1,1,0,0,0
traffic-routing-hub-6.net,suspicious,6,2,5,1,1,0,0,1,1,0,1,1,1,21,1,0,0,0,1,0,2,0,0,0
secure-login-update-5.top,phishing,2,2,3,1,1,0,0,0,1,0,1,1,1,24,4,2,1,1,0,1,0,0,0,0
traffic-routing-hub-75.net,suspicious,4,3,4,1,1,0,1,1,1,1,0,1,1,30,0,0,0,0,3,1,1,0,0,0
trusted-service-16.com,benign,0,0,1,0,0,0,0,0,0,0,1,0,0,71,2,1,0,0,1,0,0,0,0,0
secure-login-update-23.top,phishing,3,1,2,1,0,0,0,0,1,0,1,1,1,17,3,1,0,1,2,1,0,0,0,0
cdn-installer-fast-73.xyz,malicious,3,1,3,1,1,0,0,0,0,0,1,1,1,19,0,0,0,0,0,2,2,1,0,1
trusted-service-86.com,benign,0,0,1,0,0,0,0,0,0,0,1,1,0,95,2,0,0,0,0,0,0,0,0,0
trusted-service-9.com,benign,1,0,1,0,0,0,0,0,0,0,1,0,0,78,1,0,0,0,0,0,0,0,0,0
cdn-installer-fast-79.xyz,malicious,5,1,3,1,1,0,0,0,0,1,1,1,1,11,0,0,0,0,0,2,2,1,0,1
traffic-routing-hub-65.net,suspicious,3,4,3,1,1,0,0,1,0,0,0,1,1,31,1,0,0,0,3,1,2,0,0,0
trusted-service-11.com,benign,0,0,1,0,0,0,0,0,0,0,1,0,1,98,1,1,0,0,1,0,0,0,0,0
traffic-routing-hub-12.net,suspicious,5,4,5,1,1,1,1,1,0,1,1,1,1,24,1,0,0,0,3,1,2,0,0,0
trusted-service-56.com,benign,0,0,1,0,0,0,0,0,0,0,1,0,1,81,3,1,0,0,1,0,0,0,0,0
cdn-installer-fast-14.xyz,malicious,5,3,4,1,1,0,0,0,0,0,1,1,1,19,0,0,0,0,1,2,0,1,0,1
trusted-service-91.com,benign,0,0,1,0,0,0,0,0,0,0,1,0,0,95,3,0,0,1,0,0,0,0,0,0
secure-login-update-94.top,phishing,1,2,2,1,0,0,0,1,1,1,1,1,1,11,3,2,1,1,2,1,1,0,0,0
trusted-service-29.com,benign,0,0,1,0,0,0,0,0,0,0,1,1,0,79,2,0,0,1,1,0,0,0,0,0
secure-login-update-15.top,phishing,3,2,3,1,0,0,0,0,0,1,1,1,1,7,4,2,1,1,2,1,0,0,0,0
cdn-installer-fast-22.xyz,malicious,4,4,4,1,0,0,0,1,0,1,0,1,1,1,0,0,0,0,0,2,2,1,1,0
trusted-service-48.com,benign,0,0,1,0,0,0,0,0,0,0,1,1,1,64,0,0,0,0,1,0,0,0,0,0
trusted-service-100.com,benign,0,0,1,0,0,0,0,0,0,0,1,0,0,97,0,0,0,1,1,0,0,0,0,0
traffic-routing-hub-48.net,suspicious,3,4,4,1,1,1,0,1,1,0,0,1,1,19,0,0,0,0,2,1,1,0,0,0
cdn-installer-fast-20.xyz,malicious,3,2,3,1,1,0,0,1,1,1,0,1,1,13,0,0,0,0,0,1,1,1,1,0
secure-login-update-36.top,phishing,1,1,3,1,0,0,0,0,0,1,1,1,1,34,2,2,1,1,1,1,0,0,0,0
secure-login-update-79.top,phishing,3,1,2,1,1,0,0,0,0,0,1,1,1,22,1,1,1,1,0,0,1,0,0,0
cdn-installer-fast-44.xyz,malicious,4,2,3,1,1,0,0,0,1,1,0,1,1,11,0,0,0,0,1,2,0,1,1,0
trusted-service-57.com,benign,1,0,1,0,0,0,0,0,0,0,1,0,1,74,1,0,0,0,0,0,0,0,0,0
trusted-service-96.com,benign,0,0,1,0,0,0,0,0,0,0,1,1,0,62,3,0,0,1,0,0,0,0,0,0
trusted-service-34.com,benign,1,0,1,0,0,0,0,0,0,0,1,0,1,83,0,0,0,0,0,0,0,0,0,0
secure-login-update-8.top,phishing,2,1,2,1,0,0,0,1,0,1,1,1,1,28,2,1,1,1,1,1,0,0,0,0
traffic-routing-hub-58.net,suspicious,3,5,5,1,1,0,0,1,1,0,1,1,1,23,1,0,0,0,2,0,2,0,0,0
secure-login-update-59.top,phishing,2,1,2,1,0,0,0,1,0,1,1,1,1,6,3,2,0,1,2,1,0,0,0,0
trusted-service-13.com,benign,0,0,1,0,0,0,0,0,0,0,1,0,1,60,1,0,0,1,0,0,0,0,0,0
secure-login-update-94.top,phishing,3,1,2,1,0,0,0,1,1,0,0,1,1,35,4,1,1,1,1,0,0,0,0,0
traffic-routing-hub-58.net,suspicious,6,4,3,1,1,0,1,1,1,0,1,1,1,27,0,0,0,0,1,0,1,0,0,0
cdn-installer-fast-16.xyz,malicious,2,1,4,1,1,0,0,0,1,0,0,1,1,7,0,0,0,0,0,0,1,1,1,0
cdn-installer-fast-87.xyz,malicious,3,1,3,1,0,0,0,1,1,0,1,1,1,7,0,0,0,0,3,2,1,1,1,0
secure-login-update-46.top,phishing,1,2,2,1,1,0,0,1,0,1,1,1,1,30,2,1,0,1,0,0,1,0,0,0
secure-login-update-72.top,phishing,3,2,2,1,0,0,0,0,0,0,0,1,1,2,4,2,0,1,2,1,1,0,0,0
traffic-routing-hub-64.net,suspicious,4,3,5,1,1,0,0,1,1,1,0,1,1,31,0,0,0,0,2,0,2,0,0,0
traffic-routing-hub-21.net,suspicious,6,2,5,1,1,1,0,1,0,1,1,1,1,32,0,0,0,0,1,0,2,0,0,0
cdn-installer-fast-94.xyz,malicious,3,4,3,1,0,0,0,0,1,1,1,1,1,8,0,0,0,0,0,0,1,1,0,1
trusted-service-82.com,benign,0,0,1,0,0,0,0,0,0,0,1,1,1,89,2,0,0,0,1,0,0,0,0,0
cdn-installer-fast-68.xyz,malicious,3,3,4,1,0,0,0,1,0,0,0,1,1,12,0,0,0,0,3,2,2,1,1,0
cdn-installer-fast-24.xyz,malicious,2,4,3,1,1,0,0,0,0,1,1,1,1,15,0,0,0,0,3,2,2,1,1,0
trusted-service-50.com,benign,1,0,1,0,0,0,0,0,0,0,1,1,0,91,0,0,0,1,1,0,0,0,0,0
secure-login-update-81.top,phishing,1,1,3,1,1,0,0,1,0,0,0,1,1,21,2,2,1,1,2,1,1,0,0,0
cdn-installer-fast-62.xyz,malicious,2,1,2,1,1,0,0,0,0,0,0,1,1,16,0,0,0,0,0,1,2,1,0,1
traffic-routing-hub-74.net,suspicious,6,5,3,1,1,0,1,1,1,1,0,1,1,33,1,0,0,0,3,1,2,0,0,0
trusted-service-12.com,benign,0,0,1,0,0,0,0,0,0,0,1,1,1,74,1,0,0,0,0,0,0,0,0,0
secure-login-update-51.top,phishing,2,1,2,1,0,0,0,1,1,0,0,1,1,4,3,1,1,1,0,1,0,0,0,0
cdn-installer-fast-78.xyz,malicious,5,2,3,1,1,0,0,1,1,1,0,1,1,3,0,0,0,0,0,2,2,1,1,0
cdn-installer-fast-21.xyz,malicious,4,4,2,1,0,0,0,0,0,1,1,1,1,0,0,0,0,0,1,1,0,1,0,1
trusted-service-87.com,benign,1,0,1,0,0,0,0,0,0,0,1,0,1,100,3,1,0,0,0,0,0,0,0,0
secure-login-update-57.top,phishing,1,1,2,1,0,0,0,1,1,1,0,1,1,27,1,2,0,1,2,0,0,0,0,0
cdn-installer-fast-88.xyz,malicious,5,1,3,1,0,0,0,1,0,0,1,1,1,4,0,0,0,0,3,2,1,1,1,0
traffic-routing-hub-42.net,suspicious,4,4,3,1,1,0,0,1,1,1,0,1,1,31,1,0,0,0,1,0,2,0,0,0
trusted-service-37.com,benign,1,0,1,0,0,0,0,0,0,0,1,0,0,89,0,0,0,0,1,0,0,0,0,0
secure-login-update-22.top,phishing,3,2,2,1,0,0,0,0,1,0,0,1,1,31,1,2,0,1,1,0,1,0,0,0
secure-login-update-43.top,phishing,1,2,3,1,0,0,0,0,0,1,1,1,1,3,2,2,0,1,0,0,1,0,0,0
trusted-service-22.com,benign,0,0,1,0,0,0,0,0,0,0,1,1,1,67,1,1,0,1,1,0,0,0,0,0
secure-login-update-11.top,phishing,2,2,3,1,1,0,0,0,0,1,0,1,1,8,4,2,1,1,1,1,0,0,0,0
cdn-installer-fast-19.xyz,malicious,4,4,2,1,1,0,0,1,1,1,0,1,1,12,0,0,0,0,1,0,2,1,1,0
cdn-installer-fast-98.xyz,malicious,3,1,4,1,1,0,0,0,1,1,1,1,1,13,0,0,0,0,1,1,1,1,0,1
cdn-installer-fast-75.xyz,malicious,4,3,3,1,1,0,0,0,0,1,1,1,1,16,0,0,0,0,1,2,1,1,1,0
trusted-service-86.com,benign,1,0,1,0,0,0,0,0,0,0,1,0,1,70,0,0,0,0,1,0,0,0,0,0
trusted-service-27.com,benign,1,0,1,0,0,0,0,0,0,0,1,1,1,99,3,0,0,1,0,0,0,0,0,0
cdn-installer-fast-46.xyz,malicious,5,4,3,1,0,0,0,1,0,1,0,1,1,17,0,0,0,0,0,1,1,1,1,0
trusted-service-90.com,benign,0,0,1,0,0,0,0,0,0,0,1,1,1,88,0,0,0,0,1,0,0,0,0,0
trusted-service-12.com,benign,0,0,1,0,0,0,0,0,0,0,1,1,0,77,0,0,0,0,1,0,0,0,0,0
trusted-service-36.com,benign,0,0,1,0,0,0,0,0,0,0,1,0,1,66,0,0,0,0,1,0,0,0,0,0
secure-login-update-15.top,phishing,3,1,3,1,1,0,0,0,0,0,1,1,1,21,4,1,1,1,0,0,0,0,0,0
secure-login-update-93.top,phishing,1,2,3,1,0,0,0,1,0,0,0,1,1,17,2,1,1,1,1,1,0,0,0,0
trusted-service-47.com,benign,0,0,1,0,0,0,0,0,0,0,1,0,1,99,2,1,0,0,1,0,0,0,0,0
trusted-service-34.com,benign,1,0,1,0,0,0,0,0,0,0,1,0,0,63,0,0,0,0,0,0,0,0,0,0
traffic-routing-hub-19.net,suspicious,4,5,3,1,1,0,0,1,0,1,0,1,1,20,1,0,0,0,3,1,1,0,0,0
secure-login-update-41.top,phishing,1,1,3,1,1,0,0,1,0,1,1,1,1,29,4,2,1,1,1,0,0,0,0,0
traffic-routing-hub-39.net,suspicious,4,5,4,1,1,0,0,1,1,0,0,1,1,38,1,0,0,0,1,1,1,0,0,0
cdn-installer-fast-86.xyz,malicious,3,4,4,1,0,0,0,0,0,0,0,1,1,3,0,0,0,0,1,1,0,1,0,1
cdn-installer-fast-87.xyz,malicious,2,4,2,1,0,0,0,0,0,1,1,1,1,10,0,0,0,0,1,2,1,1,1,0
cdn-installer-fast-16.xyz,malicious,4,1,4,1,0,0,0,0,1,1,1,1,1,20,0,0,0,0,3,2,1,1,0,1
secure-login-update-60.top,phishing,3,1,2,1,1,0,0,1,1,0,1,1,1,11,1,2,0,1,0,1,0,0,0,0
trusted-service-30.com,benign,0,0,1,0,0,0,0,0,0,0,1,1,1,77,0,0,0,1,1,0,0,0,0,0
trusted-service-54.com,benign,1,0,1,0,0,0,0,0,0,0,1,0,1,87,1,0,0,1,0,0,0,0,0,0
cdn-installer-fast-64.xyz,malicious,4,1,3,1,0,0,0,0,1,0,1,1,1,11,0,0,0,0,3,2,0,1,0,1
trusted-service-17.com,benign,0,0,1,0,0,0,0,0,0,0,1,0,1,88,3,0,0,0,0,0,0,0,0,0
trusted-service-11.com,benign,0,0,1,0,0,0,0,0,0,0,1,1,0,64,1,0,0,1,1,0,0,0,0,0
trusted-service-30.com,benign,0,0,1,0,0,0,0,0,0,0,1,1,1,89,2,1,0,0,1,0,0,0,0,0
traffic-routing-hub-5.net,suspicious,7,2,3,1,1,1,0,1,1,1,1,1,1,24,0,0,0,0,3,1,2,0,0,0
secure-login-update-55.top,phishing,3,2,3,1,0,0,0,1,1,0,0,1,1,35,1,2,0,1,0,1,1,0,0,0
secure-login-update-61.top,phishing,2,2,2,1,0,0,0,0,0,1,0,1,1,25,2,2,1,1,1,0,1,0,0,0
secure-login-update-15.top,phishing,1,2,3,1,0,0,0,0,0,1,1,1,1,23,3,2,1,1,0,0,0,0,0,0
trusted-service-5.com,benign,0,0,1,0,0,0,0,0,0,0,1,1,1,82,2,0,0,1,0,0,0,0,0,0
cdn-installer-fast-63.xyz,malicious,4,1,3,1,1,0,0,1,0,0,0,1,1,20,0,0,0,0,0,2,2,1,1,0
cdn-installer-fast-88.xyz,malicious,5,3,2,1,1,0,0,0,0,1,0,1,1,6,0,0,0,0,0,2,0,1,1,0
cdn-installer-fast-2.xyz,malicious,3,2,2,1,1,0,0,0,0,0,0,1,1,17,0,0,0,0,2,2,0,1,1,0
cdn-installer-fast-16.xyz,malicious,5,4,3,1,1,0,0,1,1,1,0,1,1,5,0,0,0,0,3,1,1,1,0,1
secure-login-update-28.top,phishing,2,2,3,1,1,0,0,1,0,1,1,1,1,3,1,1,1,1,1,0,0,0,0,0
traffic-routing-hub-6.net,suspicious,7,2,3,1,1,0,0,1,1,1,1,1,1,17,0,0,0,0,1,1,2,0,0,0
trusted-service-83.com,benign,1,0,1,0,0,0,0,0,0,0,1,1,0,63,2,0,0,0,0,0,0,0,0,0
secure-login-update-49.top,phishing,1,1,2,1,1,0,0,0,0,1,1,1,1,8,3,2,1,1,1,0,1,0,0,0
traffic-routing-hub-38.net,suspicious,6,4,4,1,1,1,0,1,1,0,0,1,1,14,1,0,0,0,1,0,2,0,0,0
secure-login-update-57.top,phishing,2,1,2,1,0,0,0,0,0,0,0,1,1,13,3,1,1,1,1,1,1,0,0,0
secure-login-update-48.top,phishing,2,2,2,1,0,0,0,0,1,1,1,1,1,11,4,2,1,1,0,1,0,0,0,0
traffic-routing-hub-24.net,suspicious,7,3,4,1,1,0,1,1,0,1,0,1,1,38,1,0,0,0,3,0,1,0,0,0
traffic-routing-hub-73.net,suspicious,6,5,3,1,1,0,1,1,1,0,1,1,1,39,0,0,0,0,2,0,1,0,0,0
trusted-service-39.com,benign,0,0,1,0,0,0,0,0,0,0,1,1,0,90,2,0,0,0,1,0,0,0,0,0
trusted-service-31.com,benign,1,0,1,0,0,0,0,0,0,0,1,0,0,91,0,1,0,0,0,0,0,0,0,0
secure-login-update-33.top,phishing,1,1,3,1,0,0,0,1,0,1,0,1,1,4,4,1,1,1,1,0,0,0,0,0
trusted-service-31.com,benign,0,0,1,0,0,0,0,0,0,0,1,0,0,79,3,0,0,0,0,0,0,0,0,0
cdn-installer-fast-38.xyz,malicious,3,4,2,1,0,0,0,1,1,0,1,1,1,14,0,0,0,0,3,2,2,1,0,1
cdn-installer-fast-95.xyz,malicious,5,1,3,1,1,0,0,0,1,1,0,1,1,3,0,0,0,0,3,0,2,1,1,0
secure-login-update-80.top,phishing,3,1,2,1,1,0,0,0,1,0,0,1,1,18,2,2,0,1,1,0,0,0,0,0
cdn-installer-fast-5.xyz,malicious,2,3,3,1,1,0,0,0,0,0,0,1,1,13,0,0,0,0,2,1,2,1,0,1
traffic-routing-hub-47.net,suspicious,7,4,5,1,1,0,0,1,1,0,1,1,1,19,0,0,0,0,3,0,1,0,0,0
secure-login-update-92.top,phishing,1,1,3,1,1,0,0,0,1,0,0,1,1,28,3,1,0,1,2,0,1,0,0,0
cdn-installer-fast-20.xyz,malicious,2,1,2,1,1,0,0,0,0,1,1,1,1,10,0,0,0,0,2,0,2,1,0,1
cdn-installer-fast-97.xyz,malicious,5,2,3,1,1,0,0,1,0,0,1,1,1,13,0,0,0,0,0,2,0,1,0,1
cdn-installer-fast-31.xyz,malicious,2,3,2,1,1,0,0,1,1,0,0,1,1,8,0,0,0,0,3,0,0,1,1,0
secure-login-update-72.top,phishing,3,1,3,1,1,0,0,1,1,0,0,1,1,35,2,2,1,1,0,1,0,0,0,0
cdn-installer-fast-63.xyz,malicious,2,4,3,1,0,0,0,0,1,1,1,1,1,9,0,0,0,0,1,0,1,1,1,0
traffic-routing-hub-50.net,suspicious,7,5,3,1,1,0,0,1,0,1,0,1,1,18,0,0,0,0,3,1,1,0,0,0
cdn-installer-fast-44.xyz,malicious,3,3,3,1,0,0,0,1,0,0,1,1,1,19,0,0,0,0,3,2,2,1,1,0
trusted-service-79.com,benign,1,0,1,0,0,0,0,0,0,0,1,1,0,95,2,1,0,0,0,0,0,0,0,0
trusted-service-57.com,benign,0,0,1,0,0,0,0,0,0,0,1,0,1,100,2,0,0,1,0,0,0,0,0,0
trusted-service-41.com,benign,0,0,1,0,0,0,0,0,0,0,1,0,1,73,3,1,0,1,1,0,0,0,0,0
cdn-installer-fast-10.xyz,malicious,3,1,2,1,1,0,0,0,0,0,0,1,1,0,0,0,0,0,3,0,0,1,0,1
traffic-routing-hub-62.net,suspicious,3,2,3,1,1,1,1,1,1,0,1,1,1,31,1,0,0,0,2,0,2,0,0,0
traffic-routing-hub-77.net,suspicious,6,3,5,1,1,0,0,1,0,1,0,1,1,12,1,0,0,0,2,0,2,0,0,0
traffic-routing-hub-52.net,suspicious,7,4,3,1,1,1,0,1,0,0,0,1,1,20,1,0,0,0,1,1,1,0,0,0
cdn-installer-fast-30.xyz,malicious,4,4,3,1,0,0,0,1,0,1,0,1,1,8,0,0,0,0,2,1,1,1,1,0
traffic-routing-hub-75.net,suspicious,3,2,5,1,1,0,0,1,0,1,1,1,1,13,1,0,0,0,3,1,1,0,0,0
secure-login-update-68.top,phishing,1,2,3,1,1,0,0,1,1,0,1,1,1,11,1,2,1,1,0,1,0,0,0,0
trusted-service-13.com,benign,1,0,1,0,0,0,0,0,0,0,1,1,1,68,0,1,0,1,1,0,0,0,0,0
secure-login-update-99.top,phishing,2,1,2,1,0,0,0,0,1,1,1,1,1,9,1,2,1,1,1,1,0,0,0,0
secure-login-update-17.top,phishing,2,1,3,1,0,0,0,1,1,1,1,1,1,37,4,2,1,1,2,1,1,0,0,0
cdn-installer-fast-58.xyz,malicious,4,4,2,1,0,0,0,1,0,0,1,1,1,9,0,0,0,0,1,1,0,1,1,0
trusted-service-10.com,benign,0,0,1,0,0,0,0,0,0,0,1,1,0,90,1,0,0,0,0,0,0,0,0,0
secure-login-update-32.top,phishing,3,1,3,1,1,0,0,1,1,0,1,1,1,11,3,2,0,1,0,1,1,0,0,0
traffic-routing-hub-4.net,suspicious,5,2,3,1,1,0,1,1,0,0,1,1,1,24,0,0,0,0,2,1,2,0,0,0
secure-login-update-8.top,phishing,1,2,3,1,0,0,0,0,0,1,0,1,1,19,4,1,0,1,2,0,0,0,0,0
traffic-routing-hub-72.net,suspicious,5,3,5,1,1,1,1,1,0,0,1,1,1,14,0,0,0,0,2,0,1,0,0,0
traffic-routing-hub-68.net,suspicious,4,3,3,1,1,1,0,1,0,1,1,1,1,27,1,0,0,0,2,1,1,0,0,0
secure-login-update-31.top,phishing,3,2,3,1,1,0,0,0,1,0,0,1,1,20,2,1,0,1,2,1,0,0,0,0
traffic-routing-hub-9.net,suspicious,7,2,5,1,1,0,1,1,0,1,1,1,1,22,1,0,0,0,2,1,2,0,0,0
cdn-installer-fast-87.xyz,malicious,3,3,4,1,1,0,0,0,1,0,0,1,1,0,0,0,0,0,0,0,2,1,1,0
cdn-installer-fast-28.xyz,malicious,5,3,3,1,0,0,0,1,1,0,0,1,1,7,0,0,0,0,0,2,0,1,1,0
trusted-service-81.com,benign,0,0,1,0,0,0,0,0,0,0,1,1,0,69,2,0,0,1,0,0,0,0,0,0
trusted-service-14.com,benign,0,0,1,0,0,0,0,0,0,0,1,0,1,96,2,1,0,0,0,0,0,0,0,0
trusted-service-51.com,benign,0,0,1,0,0,0,0,0,0,0,1,0,0,97,1,1,0,1,0,0,0,0,0,0
trusted-service-84.com,benign,0,0,1,0,0,0,0,0,0,0,1,0,0,78,2,0,0,1,0,0,0,0,0,0
traffic-routing-hub-1.net,suspicious,6,2,4,1,1,0,1,1,0,1,1,1,1,10,0,0,0,0,1,1,2,0,0,0
cdn-installer-fast-38.xyz,malicious,3,2,4,1,0,0,0,0,0,1,1,1,1,12,0,0,0,0,2,1,0,1,0,1
traffic-routing-hub-68.net,suspicious,4,4,5,1,1,0,0,1,0,1,1,1,1,18,1,0,0,0,3,1,2,0,0,0
trusted-service-21.com,benign,0,0,1,0,0,0,0,0,0,0,1,1,0,76,0,1,0,0,1,0,0,0,0,0
trusted-service-74.com,benign,0,0,1,0,0,0,0,0,0,0,1,0,1,62,2,1,0,0,1,0,0,0,0,0
traffic-routing-hub-2.net,suspicious,3,3,5,1,1,1,1,1,1,0,0,1,1,26,0,0,0,0,3,1,1,0,0,0
traffic-routing-hub-40.net,suspicious,4,4,5,1,1,1,0,1,1,1,1,1,1,31,0,0,0,0,3,0,2,0,0,0
secure-login-update-39.top,phishing,3,1,2,1,1,0,0,1,0,1,1,1,1,31,3,2,1,1,2,0,0,0,0,0
trusted-service-57.com,benign,1,0,1,0,0,0,0,0,0,0,1,1,0,83,2,0,0,0,1,0,0,0,0,0
trusted-service-52.com,benign,0,0,1,0,0,0,0,0,0,0,1,1,0,74,2,1,0,0,0,0,0,0,0,0
secure-login-update-93.top,phishing,1,2,2,1,0,0,0,1,0,1,0,1,1,13,3,1,1,1,1,0,0,0,0,0
trusted-service-39.com,benign,0,0,1,0,0,0,0,0,0,0,1,0,1,82,0,0,0,0,0,0,0,0,0,0
traffic-routing-hub-78.net,suspicious,4,4,5,1,1,1,1,1,0,1,1,1,1,28,0,0,0,0,2,1,2,0,0,0
trusted-service-59.com,benign,1,0,1,0,0,0,0,0,0,0,1,1,0,64,1,1,0,0,0,0,0,0,0,0
cdn-installer-fast-42.xyz,malicious,3,4,3,1,0,0,0,1,1,1,0,1,1,12,0,0,0,0,2,2,0,1,0,1
traffic-routing-hub-8.net,suspicious,4,3,5,1,1,0,0,1,0,0,0,1,1,23,0,0,0,0,1,0,1,0,0,0
traffic-routing-hub-51.net,suspicious,6,2,5,1,1,0,1,1,1,0,1,1,1,11,1,0,0,0,3,1,2,0,0,0
secure-login-update-12.top,phishing,2,2,2,1,0,0,0,0,0,1,1,1,1,5,4,1,1,1,2,1,0,0,0,0
secure-login-update-41.top,phishing,2,1,3,1,0,0,0,1,1,1,1,1,1,7,1,1,1,1,1,0,0,0,0,0
trusted-service-31.com,benign,0,0,1,0,0,0,0,0,0,0,1,0,1,61,1,1,0,0,1,0,0,0,0,0
secure-login-update-84.top,phishing,2,2,2,1,0,0,0,1,1,0,0,1,1,33,2,1,0,1,2,1,1,0,0,0
trusted-service-72.com,benign,0,0,1,0,0,0,0,0,0,0,1,0,1,96,1,0,0,1,0,0,0,0,0,0
traffic-routing-hub-19.net,suspicious,4,5,3,1,1,0,0,1,1,0,1,1,1,35,0,0,0,0,3,0,2,0,0,0
trusted-service-40.com,benign,1,0,1,0,0,0,0,0,0,0,1,0,0,81,1,0,0,1,0,0,0,0,0,0
trusted-service-38.com,benign,0,0,1,0,0,0,0,0,0,0,1,0,1,60,2,1,0,0,0,0,0,0,0,0
secure-login-update-53.top,phishing,2,2,3,1,0,0,0,0,0,0,0,1,1,1,3,1,1,1,0,0,0,0,0,0
trusted-service-52.com,benign,0,0,1,0,0,0,0,0,0,0,1,0,0,77,2,1,0,1,1,0,0,0,0,0
trusted-service-71.com,benign,0,0,1,0,0,0,0,0,0,0,1,1,0,78,0,0,0,0,1,0,0,0,0,0
secure-login-update-79.top,phishing,1,2,2,1,1,0,0,1,1,1,1,1,1,22,3,2,0,1,0,1,1,0,0,0
secure-login-update-25.top,phishing,2,2,3,1,1,0,0,1,1,0,1,1,1,18,1,1,1,1,2,1,0,0,0,0
secure-login-update-90.top,phishing,2,2,2,1,1,0,0,0,0,1,1,1,1,8,3,1,0,1,2,1,1,0,0,0
traffic-routing-hub-14.net,suspicious,4,3,4,1,1,1,0,1,1,1,0,1,1,31,1,0,0,0,3,0,1,0,0,0
cdn-installer-fast-23.xyz,malicious,3,1,3,1,1,0,0,0,1,1,1,1,1,16,0,0,0,0,1,2,1,1,1,0
traffic-routing-hub-27.net,suspicious,5,5,5,1,1,0,0,1,1,0,0,1,1,20,0,0,0,0,2,0,1,0,0,0
secure-login-update-55.top,phishing,3,1,3,1,1,0,0,1,1,0,0,1,1,11,2,2,0,1,2,1,1,0,0,0
cdn-installer-fast-99.xyz,malicious,5,2,2,1,0,0,0,0,0,0,0,1,1,4,0,0,0,0,1,1,0,1,0,1
traffic-routing-hub-5.net,suspicious,6,4,4,1,1,0,0,1,1,1,0,1,1,23,1,0,0,0,3,1,1,0,0,0
trusted-service-20.com,benign,0,0,1,0,0,0,0,0,0,0,1,0,0,94,3,0,0,0,1,0,0,0,0,0
traffic-routing-hub-42.net,suspicious,3,2,3,1,1,1,0,1,1,0,1,1,1,29,0,0,0,0,1,0,1,0,0,0
cdn-installer-fast-23.xyz,malicious,5,2,4,1,1,0,0,0,1,0,0,1,1,12,0,0,0,0,1,0,0,1,1,0
traffic-routing-hub-52.net,suspicious,6,3,4,1,1,0,1,1,0,1,0,1,1,29,1,0,0,0,3,1,1,0,0,0
trusted-service-79.com,benign,1,0,1,0,0,0,0,0,0,0,1,0,0,97,1,0,0,1,1,0,0,0,0,0
trusted-service-87.com,benign,1,0,1,0,0,0,0,0,0,0,1,1,0,63,3,1,0,0,0,0,0,0,0,0
trusted-service-72.com,benign,0,0,1,0,0,0,0,0,0,0,1,0,1,84,2,1,0,0,1,0,0,0,0,0
traffic-routing-hub-16.net,suspicious,6,5,3,1,1,0,0,1,1,1,1,1,1,39,1,0,0,0,3,1,1,0,0,0
secure-login-update-72.top,phishing,1,1,3,1,1,0,0,1,1,1,1,1,1,20,1,2,1,1,0,0,0,0,0,0
traffic-routing-hub-51.net,suspicious,7,5,5,1,1,0,1,1,1,1,1,1,1,26,1,0,0,0,1,1,1,0,0,0
secure-login-update-99.top,phishing,1,2,3,1,1,0,0,0,1,0,1,1,1,29,3,1,1,1,2,0,1,0,0,0
trusted-service-57.com,benign,0,0,1,0,0,0,0,0,0,0,1,0,1,73,2,1,0,0,1,0,0,0,0,0
trusted-service-45.com,benign,0,0,1,0,0,0,0,0,0,0,1,0,1,78,1,0,0,1,1,0,0,0,0,0
secure-login-update-69.top,phishing,3,2,3,1,0,0,0,1,0,1,1,1,1,11,4,1,1,1,1,1,1,0,0,0
cdn-installer-fast-25.xyz,malicious,4,2,3,1,1,0,0,0,1,0,0,1,1,12,0,0,0,0,3,1,1,1,1,0
traffic-routing-hub-52.net,suspicious,3,4,4,1,1,0,0,1,0,0,0,1,1,24,0,0,0,0,1,1,2,0,0,0
secure-login-update-60.top,phishing,1,1,2,1,0,0,0,0,0,0,0,1,1,25,3,1,1,1,2,1,0,0,0,0
secure-login-update-27.top,phishing,2,2,3,1,1,0,0,1,1,0,0,1,1,36,2,1,1,1,1,0,1,0,0,0
cdn-installer-fast-86.xyz,malicious,5,4,2,1,0,0,0,0,1,0,1,1,1,19,0,0,0,0,0,1,2,1,1,0
traffic-routing-hub-6.net,suspicious,5,5,4,1,1,1,1,1,0,1,1,1,1,31,0,0,0,0,1,0,1,0,0,0
traffic-routing-hub-52.net,suspicious,6,4,4,1,1,0,0,1,0,1,0,1,1,34,1,0,0,0,1,1,2,0,0,0
secure-login-update-67.top,phishing,2,1,2,1,0,0,0,0,0,0,0,1,1,40,3,2,1,1,1,1,0,0,0,0
trusted-service-65.com,benign,1,0,1,0,0,0,0,0,0,0,1,0,0,92,0,0,0,0,0,0,0,0,0,0
secure-login-update-46.top,phishing,3,1,3,1,0,0,0,1,1,1,1,1,1,17,4,1,1,1,1,0,1,0,0,0
traffic-routing-hub-66.net,suspicious,3,2,3,1,1,0,0,1,1,1,0,1,1,14,0,0,0,0,1,1,2,0,0,0
trusted-service-4.com,benign,0,0,1,0,0,0,0,0,0,0,1,0,1,69,1,0,0,0,1,0,0,0,0,0
traffic-routing-hub-68.net,suspicious,6,5,5,1,1,0,1,1,0,0,1,1,1,15,0,0,0,0,2,0,1,0,0,0
traffic-routing-hub-51.net,suspicious,7,3,4,1,1,0,1,1,1,0,0,1,1,29,0,0,0,0,1,0,1,0,0,0
cdn-installer-fast-4.xyz,malicious,3,1,2,1,0,0,0,1,1,0,1,1,1,5,0,0,0,0,3,0,0,1,1,0
secure-login-update-80.top,phishing,1,2,2,1,0,0,0,0,1,0,0,1,1,7,1,1,1,1,0,1,0,0,0,0
cdn-installer-fast-24.xyz,malicious,4,3,3,1,0,0,0,0,0,0,0,1,1,7,0,0,0,0,0,2,0,1,0,1
traffic-routing-hub-56.net,suspicious,3,2,4,1,1,1,1,1,1,0,1,1,1,34,0,0,0,0,2,0,2,0,0,0
traffic-routing-hub-64.net,suspicious,5,5,4,1,1,1,1,1,0,0,0,1,1,11,1,0,0,0,2,1,2,0,0,0
cdn-installer-fast-26.xyz,malicious,5,4,2,1,1,0,0,1,1,0,0,1,1,1,0,0,0,0,2,2,2,1,1,0
trusted-service-12.com,benign,1,0,1,0,0,0,0,0,0,0,1,1,0,84,3,0,0,0,0,0,0,0,0,0
cdn-installer-fast-40.xyz,malicious,3,1,4,1,1,0,0,1,0,0,1,1,1,19,0,0,0,0,1,0,1,1,1,0
cdn-installer-fast-38.xyz,malicious,2,3,4,1,1,0,0,1,0,0,0,1,1,14,0,0,0,0,2,1,1,1,1,0
traffic-routing-hub-51.net,suspicious,4,5,4,1,1,1,0,1,0,1,0,1,1,17,1,0,0,0,1,1,1,0,0,0
cdn-installer-fast-86.xyz,malicious,2,3,2,1,0,0,0,1,0,1,0,1,1,1,0,0,0,0,3,1,0,1,1,0
cdn-installer-fast-36.xyz,malicious,4,3,4,1,0,0,0,0,1,1,1,1,1,5,0,0,0,0,3,1,0,1,0,1
trusted-service-59.com,benign,0,0,1,0,0,0,0,0,0,0,1,0,0,80,3,0,0,1,1,0,0,0,0,0
traffic-routing-hub-50.net,suspicious,4,4,3,1,1,1,0,1,1,1,0,1,1,24,1,0,0,0,1,1,1,0,0,0
secure-login-update-94.top,phishing,2,1,3,1,0,0,0,0,1,1,1,1,1,28,2,1,1,1,0,0,0,0,0,0
traffic-routing-hub-53.net,suspicious,3,5,5,1,1,1,1,1,0,0,0,1,1,10,1,0,0,0,1,0,2,0,0,0
trusted-service-36.com,benign,0,0,1,0,0,0,0,0,0,0,1,1,1,100,3,0,0,0,1,0,0,0,0,0
secure-login-update-4.top,phishing,2,1,3,1,1,0,0,0,1,0,0,1,1,37,2,2,0,1,0,0,1,0,0,0
traffic-routing-hub-32.net,suspicious,7,4,5,1,1,0,0,1,1,0,0,1,1,31,0,0,0,0,2,0,1,0,0,0
trusted-service-65.com,benign,0,0,1,0,0,0,0,0,0,0,1,1,1,80,3,1,0,0,0,0,0,0,0,0
trusted-service-84.com,benign,1,0,1,0,0,0,0,0,0,0,1,1,0,87,3,0,0,0,1,0,0,0,0,0
secure-login-update-20.top,phishing,3,1,2,1,1,0,0,1,0,0,1,1,1,18,3,2,1,1,1,0,0,0,0,0
trusted-service-67.com,benign,0,0,1,0,0,0,0,0,0,0,1,0,1,65,3,1,0,0,1,0,0,0,0,0
traffic-routing-hub-30.net,suspicious,6,2,3,1,1,0,0,1,0,0,1,1,1,25,1,0,0,0,3,1,1,0,0,0
trusted-service-48.com,benign,0,0,1,0,0,0,0,0,0,0,1,0,1,64,1,1,0,1,0,0,0,0,0,0
traffic-routing-hub-62.net,suspicious,7,3,4,1,1,1,0,1,1,1,1,1,1,37,1,0,0,0,3,0,2,0,0,0
secure-login-update-62.top,phishing,1,1,3,1,0,0,0,0,1,0,1,1,1,29,1,1,1,1,1,0,0,0,0,0
trusted-service-32.com,benign,0,0,1,0,0,0,0,0,0,0,1,1,0,100,1,0,0,0,1,0,0,0,0,0
cdn-installer-fast-74.xyz,malicious,4,3,4,1,0,0,0,0,1,1,1,1,1,2,0,0,0,0,0,0,2,1,0,1
traffic-routing-hub-56.net,suspicious,6,2,4,1,1,0,0,1,0,1,1,1,1,29,1,0,0,0,2,1,2,0,0,0
cdn-installer-fast-68.xyz,malicious,4,3,3,1,1,0,0,1,1,1,1,1,1,14,0,0,0,0,0,2,0,1,0,1
traffic-routing-hub-58.net,suspicious,5,3,3,1,1,0,1,1,1,1,0,1,1,31,0,0,0,0,1,0,2,0,0,0
secure-login-update-5.top,phishing,2,1,3,1,1,0,0,1,1,1,0,1,1,10,3,1,1,1,1,1,1,0,0,0
trusted-service-98.com,benign,0,0,1,0,0,0,0,0,0,0,1,0,0,77,1,1,0,0,0,0,0,0,0,0
traffic-routing-hub-77.net,suspicious,6,4,3,1,1,1,0,1,1,1,0,1,1,39,1,0,0,0,1,1,1,0,0,0
trusted-service-1.com,benign,0,0,1,0,0,0,0,0,0,0,1,0,0,88,2,0,0,0,0,0,0,0,0,0
trusted-service-49.com,benign,1,0,1,0,0,0,0,0,0,0,1,1,1,89,3,0,0,1,0,0,0,0,0,0
secure-login-update-3.top,phishing,2,1,3,1,0,0,0,0,1,1,1,1,1,32,4,2,0,1,1,1,1,0,0,0
secure-login-update-81.top,phishing,2,1,2,1,1,0,0,1,0,0,1,1,1,33,1,2,1,1,1,0,1,0,0,0
traffic-routing-hub-68.net,suspicious,7,3,4,1,1,1,0,1,1,1,1,1,1,11,1,0,0,0,2,0,2,0,0,0
traffic-routing-hub-49.net,suspicious,3,5,3,1,1,0,0,1,0,0,0,1,1,33,0,0,0,0,2,1,2,0,0,0
secure-login-update-22.top,phishing,2,2,3,1,1,0,0,1,0,1,1,1,1,30,3,1,1,1,1,0,1,0,0,0
cdn-installer-fast-66.xyz,malicious,2,2,3,1,1,0,0,1,0,1,1,1,1,10,0,0,0,0,3,1,0,1,0,1
secure-login-update-33.top,phishing,1,2,3,1,1,0,0,1,0,0,1,1,1,20,4,2,1,1,2,0,0,0,0,0
traffic-routing-hub-35.net,suspicious,4,2,4,1,1,0,0,1,1,0,1,1,1,31,1,0,0,0,1,1,1,0,0,0
trusted-service-95.com,benign,0,0,1,0,0,0,0,0,0,0,1,1,0,64,3,0,0,0,0,0,0,0,0,0
secure-login-update-75.top,phishing,1,1,3,1,1,0,0,1,0,1,0,1,1,21,3,2,1,1,1,1,0,0,0,0
cdn-installer-fast-38.xyz,malicious,4,3,4,1,0,0,0,0,1,0,1,1,1,16,0,0,0,0,2,1,1,1,0,1
traffic-routing-hub-29.net,suspicious,7,4,5,1,1,0,1,1,0,0,1,1,1,14,0,0,0,0,3,0,1,0,0,0
secure-login-update-97.top,phishing,3,1,2,1,0,0,0,1,0,1,1,1,1,32,1,1,1,1,1,1,0,0,0,0
secure-login-update-15.top,phishing,2,1,3,1,0,0,0,0,1,1,1,1,1,33,1,2,0,1,1,0,1,0,0,0
trusted-service-38.com,benign,0,0,1,0,0,0,0,0,0,0,1,1,0,81,1,1,0,0,0,0,0,0,0,0
secure-login-update-18.top,phishing,2,2,3,1,0,0,0,1,1,1,0,1,1,32,1,2,1,1,1,1,1,0,0,0
trusted-service-9.com,benign,1,0,1,0,0,0,0,0,0,0,1,0,0,74,2,0,0,1,0,0,0,0,0,0
cdn-installer-fast-19.xyz,malicious,3,1,4,1,1,0,0,1,0,1,1,1,1,20,0,0,0,0,1,1,1,1,0,1
cdn-installer-fast-100.xyz,malicious,2,4,2,1,1,0,0,0,1,1,0,1,1,15,0,0,0,0,3,1,2,1,0,1
trusted-service-7.com,benign,0,0,1,0,0,0,0,0,0,0,1,0,1,64,0,0,0,1,0,0,0,0,0,0
cdn-installer-fast-62.xyz,malicious,2,1,4,1,0,0,0,0,0,1,0,1,1,7,0,0,0,0,1,1,2,1,0,1
trusted-service-52.com,benign,0,0,1,0,0,0,0,0,0,0,1,0,0,63,1,1,0,0,0,0,0,0,0,0
trusted-service-49.com,benign,1,0,1,0,0,0,0,0,0,0,1,0,1,95,2,0,0,0,1,0,0,0,0,0
traffic-routing-hub-42.net,suspicious,6,5,4,1,1,0,0,1,0,1,1,1,1,40,0,0,0,0,1,1,2,0,0,0
secure-login-update-37.top,phishing,1,2,2,1,0,0,0,0,0,0,0,1,1,17,4,1,1,1,0,1,0,0,0,0
trusted-service-46.com,benign,0,0,1,0,0,0,0,0,0,0,1,0,0,75,3,1,0,1,0,0,0,0,0,0
trusted-service-70.com,benign,0,0,1,0,0,0,0,0,0,0,1,1,0,89,3,1,0,0,0,0,0,0,0,0
cdn-installer-fast-14.xyz,malicious,2,4,4,1,0,0,0,1,1,0,0,1,1,14,0,0,0,0,3,0,0,1,0,1
trusted-service-95.com,benign,1,0,1,0,0,0,0,0,0,0,1,0,0,93,1,1,0,0,1,0,0,0,0,0
traffic-routing-hub-28.net,suspicious,4,5,4,1,1,0,0,1,0,0,1,1,1,27,0,0,0,0,1,0,1,0,0,0
traffic-routing-hub-2.net,suspicious,7,4,4,1,1,0,0,1,0,1,1,1,1,29,1,0,0,0,3,0,2,0,0,0
secure-login-update-79.top,phishing,1,1,3,1,0,0,0,1,0,0,1,1,1,20,2,1,1,1,2,1,1,0,0,0
cdn-installer-fast-69.xyz,malicious,4,1,2,1,1,0,0,0,1,1,1,1,1,10,0,0,0,0,2,1,0,1,1,0
trusted-service-47.com,benign,1,0,1,0,0,0,0,0,0,0,1,1,1,89,1,1,0,0,0,0,0,0,0,0
secure-login-update-39.top,phishing,1,1,3,1,0,0,0,1,1,0,0,1,1,2,1,2,1,1,0,1,1,0,0,0
trusted-service-87.com,benign,1,0,1,0,0,0,0,0,0,0,1,1,0,97,3,0,0,0,0,0,0,0,0,0
trusted-service-9.com,benign,0,0,1,0,0,0,0,0,0,0,1,0,1,92,2,0,0,0,1,0,0,0,0,0
secure-login-update-33.top,phishing,3,1,2,1,0,0,0,1,1,1,0,1,1,37,1,2,1,1,2,1,1,0,0,0
cdn-installer-fast-77.xyz,malicious,2,3,4,1,0,0,0,1,1,1,0,1,1,10,0,0,0,0,3,2,1,1,0,1
traffic-routing-hub-44.net,suspicious,4,4,5,1,1,0,1,1,0,1,1,1,1,18,0,0,0,0,2,0,2,0,0,0
secure-login-update-83.top,phishing,3,1,3,1,0,0,0,1,0,0,1,1,1,21,3,1,1,1,2,0,0,0,0,0
secure-login-update-21.top,phishing,1,1,3,1,1,0,0,0,0,0,1,1,1,30,1,1,1,1,1,0,1,0,0,0
traffic-routing-hub-42.net,suspicious,7,3,5,1,1,1,1,1,0,0,1,1,1,28,1,0,0,0,1,1,1,0,0,0
trusted-service-36.com,benign,0,0,1,0,0,0,0,0,0,0,1,0,1,64,2,0,0,0,1,0,0,0,0,0
secure-login-update-55.top,phishing,3,2,2,1,1,0,0,1,1,0,1,1,1,39,3,2,1,1,1,0,0,0,0,0
cdn-installer-fast-40.xyz,malicious,5,3,2,1,0,0,0,0,1,0,1,1,1,19,0,0,0,0,1,2,1,1,1,0
cdn-installer-fast-26.xyz,malicious,4,3,4,1,1,0,0,1,0,1,1,1,1,18,0,0,0,0,2,1,2,1,1,0
secure-login-update-20.top,phishing,1,2,2,1,0,0,0,0,1,1,1,1,1,7,2,1,0,1,1,1,1,0,0,0
secure-login-update-6.top,phishing,1,2,3,1,1,0,0,1,1,1,1,1,1,33,3,2,0,1,1,1,0,0,0,0
traffic-routing-hub-7.net,suspicious,4,3,5,1,1,0,0,1,1,0,1,1,1,24,1,0,0,0,3,1,1,0,0,0
traffic-routing-hub-9.net,suspicious,4,3,3,1,1,0,1,1,1,0,0,1,1,25,1,0,0,0,2,1,1,0,0,0
cdn-installer-fast-94.xyz,malicious,3,3,2,1,0,0,0,1,1,0,1,1,1,7,0,0,0,0,2,1,0,1,0,1
secure-login-update-2.top,phishing,1,1,2,1,0,0,0,0,0,1,0,1,1,15,4,1,0,1,1,1,0,0,0,0
traffic-routing-hub-73.net,suspicious,5,4,4,1,1,1,0,1,1,1,1,1,1,31,1,0,0,0,1,0,1,0,0,0
secure-login-update-23.top,phishing,3,2,2,1,0,0,0,1,0,0,1,1,1,16,1,1,0,1,0,1,1,0,0,0
secure-login-update-87.top,phishing,1,2,3,1,0,0,0,1,0,1,1,1,1,26,3,1,1,1,2,1,1,0,0,0
secure-login-update-7.top,phishing,1,2,3,1,1,0,0,0,1,1,0,1,1,35,1,1,0,1,1,0,0,0,0,0
traffic-routing-hub-48.net,suspicious,3,5,4,1,1,0,0,1,1,1,0,1,1,22,0,0,0,0,3,1,1,0,0,0
secure-login-update-25.top,phishing,1,1,2,1,1,0,0,0,0,1,1,1,1,2,3,2,1,1,2,0,0,0,0,0
traffic-routing-hub-52.net,suspicious,5,5,5,1,1,0,0,1,1,1,0,1,1,33,1,0,0,0,1,0,2,0,0,0
secure-login-update-69.top,phishing,2,2,3,1,0,0,0,0,1,1,1,1,1,27,3,1,1,1,0,1,0,0,0,0
cdn-installer-fast-49.xyz,malicious,5,2,2,1,1,0,0,0,1,0,0,1,1,2,0,0,0,0,2,2,2,1,0,1
traffic-routing-hub-51.net,suspicious,4,3,5,1,1,0,1,1,1,1,1,1,1,26,1,0,0,0,1,0,2,0,0,0
secure-login-update-99.top,phishing,2,1,2,1,0,0,0,1,0,0,1,1,1,24,3,2,0,1,2,0,0,0,0,0
trusted-service-98.com,benign,0,0,1,0,0,0,0,0,0,0,1,1,0,76,0,0,0,0,0,0,0,0,0,0
traffic-routing-hub-62.net,suspicious,3,5,3,1,1,0,0,1,0,0,1,1,1,19,0,0,0,0,3,1,1,0,0,0
secure-login-update-9.top,phishing,1,2,3,1,1,0,0,1,0,0,1,1,1,13,1,1,1,1,0,0,1,0,0,0
cdn-installer-fast-49.xyz,malicious,4,3,2,1,0,0,0,1,1,0,0,1,1,19,0,0,0,0,0,2,1,1,1,0
cdn-installer-fast-85.xyz,malicious,4,3,2,1,0,0,0,1,1,0,0,1,1,12,0,0,0,0,3,2,1,1,0,1
cdn-installer-fast-65.xyz,malicious,3,3,4,1,1,0,0,1,0,0,0,1,1,5,0,0,0,0,1,0,2,1,0,1
traffic-routing-hub-75.net,suspicious,5,5,5,1,1,1,0,1,1,0,0,1,1,34,0,0,0,0,1,1,1,0,0,0
trusted-service-96.com,benign,0,0,1,0,0,0,0,0,0,0,1,0,1,71,3,1,0,0,1,0,0,0,0,0
secure-login-update-69.top,phishing,3,2,2,1,1,0,0,1,0,1,0,1,1,32,2,1,1,1,0,0,0,0,0,0
cdn-installer-fast-48.xyz,malicious,2,3,4,1,0,0,0,1,1,1,0,1,1,20,0,0,0,0,0,1,0,1,0,1
cdn-installer-fast-38.xyz,malicious,3,2,2,1,0,0,0,1,1,1,1,1,1,11,0,0,0,0,2,2,1,1,1,0
secure-login-update-35.top,phishing,3,2,2,1,0,0,0,1,0,1,1,1,1,33,3,1,1,1,0,0,1,0,0,0
cdn-installer-fast-82.xyz,malicious,4,3,3,1,0,0,0,0,1,0,0,1,1,12,0,0,0,0,1,1,0,1,1,0
traffic-routing-hub-32.net,suspicious,6,5,5,1,1,0,0,1,1,0,0,1,1,19,0,0,0,0,1,1,1,0,0,0
traffic-routing-hub-48.net,suspicious,3,4,4,1,1,0,0,1,0,0,1,1,1,37,1,0,0,0,1,0,1,0,0,0
secure-login-update-46.top,phishing,2,1,2,1,0,0,0,1,0,0,1,1,1,2,1,2,1,1,1,1,1,0,0,0
secure-login-update-89.top,phishing,3,1,3,1,1,0,0,1,0,1,1,1,1,27,2,2,1,1,0,0,1,0,0,0
cdn-installer-fast-42.xyz,malicious,2,2,4,1,1,0,0,1,1,1,1,1,1,16,0,0,0,0,0,0,2,1,1,0
cdn-installer-fast-83.xyz,malicious,5,3,2,1,0,0,0,1,1,0,0,1,1,17,0,0,0,0,0,2,0,1,1,0
secure-login-update-89.top,phishing,2,1,2,1,0,0,0,0,1,1,0,1,1,40,1,1,1,1,1,0,1,0,0,0
trusted-service-34.com,benign,1,0,1,0,0,0,0,0,0,0,1,1,0,87,0,1,0,0,0,0,0,0,0,0
cdn-installer-fast-20.xyz,malicious,4,3,2,1,1,0,0,1,1,1,0,1,1,0,0,0,0,0,1,2,0,1,0,1
secure-login-update-61.top,phishing,1,1,3,1,1,0,0,1,0,0,0,1,1,12,3,2,1,1,1,0,1,0,0,0
secure-login-update-42.top,phishing,3,1,2,1,1,0,0,1,1,1,0,1,1,20,3,1,1,1,0,1,1,0,0,0
traffic-routing-hub-23.net,suspicious,6,2,4,1,1,0,1,1,0,1,1,1,1,13,0,0,0,0,3,1,2,0,0,0
traffic-routing-hub-13.net,suspicious,4,5,3,1,1,0,1,1,1,0,1,1,1,19,1,0,0,0,2,0,1,0,0,0
cdn-installer-fast-19.xyz,malicious,3,4,4,1,1,0,0,1,0,1,1,1,1,5,0,0,0,0,0,1,1,1,1,0
cdn-installer-fast-26.xyz,malicious,4,1,3,1,1,0,0,1,0,1,1,1,1,16,0,0,0,0,3,0,0,1,0,1
trusted-service-50.com,benign,0,0,1,0,0,0,0,0,0,0,1,0,1,83,2,1,0,0,1,0,0,0,0,0
trusted-service-51.com,benign,0,0,1,0,0,0,0,0,0,0,1,0,0,89,2,1,0,1,1,0,0,0,0,0
traffic-routing-hub-19.net,suspicious,4,2,5,1,1,0,1,1,1,1,0,1,1,17,0,0,0,0,2,0,2,0,0,0
trusted-service-27.com,benign,1,0,1,0,0,0,0,0,0,0,1,1,1,92,3,0,0,0,0,0,0,0,0,0
traffic-routing-hub-65.net,suspicious,3,4,5,1,1,1,1,1,0,0,1,1,1,28,0,0,0,0,1,1,1,0,0,0
trusted-service-92.com,benign,0,0,1,0,0,0,0,0,0,0,1,1,1,85,1,0,0,1,0,0,0,0,0,0
secure-login-update-70.top,phishing,2,2,3,1,1,0,0,1,0,0,1,1,1,38,2,1,1,1,0,1,1,0,0,0
trusted-service-28.com,benign,0,0,1,0,0,0,0,0,0,0,1,1,0,90,1,1,0,1,0,0,0,0,0,0
secure-login-update-14.top,phishing,2,2,3,1,0,0,0,1,1,0,0,1,1,30,4,1,1,1,1,0,0,0,0,0
secure-login-update-57.top,phishing,2,2,2,1,1,0,0,0,0,0,0,1,1,22,4,1,1,1,0,1,1,0,0,0
secure-login-update-9.top,phishing,3,2,3,1,1,0,0,1,1,0,1,1,1,32,1,2,0,1,2,0,0,0,0,0
traffic-routing-hub-45.net,suspicious,3,4,4,1,1,0,1,1,1,0,0,1,1,27,0,0,0,0,3,1,1,0,0,0
secure-login-update-43.top,phishing,1,1,3,1,1,0,0,1,1,0,1,1,1,25,4,2,0,1,2,0,0,0,0,0
traffic-routing-hub-8.net,suspicious,7,2,3,1,1,1,1,1,0,1,0,1,1,11,0,0,0,0,1,0,1,0,0,0
secure-login-update-53.top,phishing,2,1,2,1,0,0,0,1,0,0,0,1,1,9,1,2,0,1,0,0,1,0,0,0
trusted-service-31.com,benign,0,0,1,0,0,0,0,0,0,0,1,0,1,94,0,0,0,0,0,0,0,0,0,0
trusted-service-88.com,benign,0,0,1,0,0,0,0,0,0,0,1,1,0,84,3,1,0,0,1,0,0,0,0,0
traffic-routing-hub-33.net,suspicious,3,5,4,1,1,1,0,1,1,1,0,1,1,26,0,0,0,0,1,1,1,0,0,0
secure-login-update-47.top,phishing,1,1,2,1,0,0,0,1,0,1,0,1,1,23,4,2,1,1,0,1,0,0,0,0
secure-login-update-99.top,phishing,3,1,2,1,0,0,0,0,0,1,0,1,1,14,4,2,0,1,0,0,1,0,0,0
trusted-service-21.com,benign,0,0,1,0,0,0,0,0,0,0,1,1,0,88,0,0,0,0,0,0,0,0,0,0
cdn-installer-fast-71.xyz,malicious,4,3,2,1,1,0,0,0,1,1,1,1,1,20,0,0,0,0,1,1,1,1,1,0
trusted-service-16.com,benign,0,0,1,0,0,0,0,0,0,0,1,0,1,71,3,0,0,1,1,0,0,0,0,0
cdn-installer-fast-66.xyz,malicious,3,4,4,1,1,0,0,1,1,1,0,1,1,5,0,0,0,0,0,0,2,1,1,0
traffic-routing-hub-29.net,suspicious,6,3,3,1,1,0,0,1,0,0,1,1,1,36,1,0,0,0,2,0,2,0,0,0
cdn-installer-fast-87.xyz,malicious,5,4,2,1,1,0,0,1,1,0,1,1,1,10,0,0,0,0,1,2,0,1,0,1
trusted-service-42.com,benign,0,0,1,0,0,0,0,0,0,0,1,0,0,76,3,1,0,1,1,0,0,0,0,0
cdn-installer-fast-66.xyz,malicious,4,3,4,1,0,0,0,0,1,1,0,1,1,7,0,0,0,0,1,0,1,1,1,0
trusted-service-24.com,benign,1,0,1,0,0,0,0,0,0,0,1,1,0,93,0,0,0,1,0,0,0,0,0,0
traffic-routing-hub-26.net,suspicious,5,5,4,1,1,1,1,1,0,0,0,1,1,21,0,0,0,0,2,0,2,0,0,0
secure-login-update-11.top,phishing,2,2,3,1,0,0,0,0,0,0,0,1,1,24,2,2,1,1,1,0,0,0,0,0
cdn-installer-fast-100.xyz,malicious,2,2,3,1,0,0,0,0,0,0,0,1,1,9,0,0,0,0,1,2,0,1,0,1
trusted-service-12.com,benign,1,0,1,0,0,0,0,0,0,0,1,0,0,89,1,1,0,0,1,0,0,0,0,0
cdn-installer-fast-86.xyz,malicious,5,2,4,1,1,0,0,1,0,1,0,1,1,0,0,0,0,0,3,2,0,1,1,0
trusted-service-9.com,benign,0,0,1,0,0,0,0,0,0,0,1,0,0,97,2,0,0,0,1,0,0,0,0,0
trusted-service-48.com,benign,0,0,1,0,0,0,0,0,0,0,1,1,1,96,0,0,0,0,0,0,0,0,0,0
cdn-installer-fast-22.xyz,malicious,5,4,4,1,1,0,0,0,1,0,1,1,1,13,0,0,0,0,0,1,2,1,0,1
secure-login-update-83.top,phishing,1,1,2,1,1,0,0,1,1,1,1,1,1,22,4,2,0,1,1,1,1,0,0,0
cdn-installer-fast-52.xyz,malicious,5,2,3,1,0,0,0,0,0,1,0,1,1,16,0,0,0,0,3,2,1,1,1,0
traffic-routing-hub-11.net,suspicious,4,3,4,1,1,0,1,1,0,0,0,1,1,16,0,0,0,0,2,0,1,0,0,0
secure-login-update-1.top,phishing,1,1,3,1,1,0,0,1,0,0,0,1,1,40,3,2,1,1,0,0,0,0,0,0
traffic-routing-hub-57.net,suspicious,4,5,3,1,1,0,0,1,1,1,0,1,1,20,1,0,0,0,3,1,2,0,0,0
traffic-routing-hub-42.net,suspicious,4,3,4,1,1,0,0,1,0,1,1,1,1,30,1,0,0,0,3,1,1,0,0,0
traffic-routing-hub-49.net,suspicious,4,4,5,1,1,0,0,1,0,0,1,1,1,31,1,0,0,0,1,1,1,0,0,0
trusted-service-37.com,benign,0,0,1,0,0,0,0,0,0,0,1,0,1,77,0,0,0,0,1,0,0,0,0,0
trusted-service-80.com,benign,0,0,1,0,0,0,0,0,0,0,1,0,1,76,1,1,0,1,1,0,0,0,0,0
cdn-installer-fast-1.xyz,malicious,4,3,3,1,0,0,0,0,1,0,1,1,1,11,0,0,0,0,0,0,1,1,0,1
secure-login-update-81.top,phishing,2,1,3,1,0,0,0,1,1,0,1,1,1,14,2,2,1,1,2,0,0,0,0,0
traffic-routing-hub-13.net,suspicious,3,2,5,1,1,0,0,1,1,1,0,1,1,39,0,0,0,0,1,0,2,0,0,0
trusted-service-61.com,benign,0,0,1,0,0,0,0,0,0,0,1,0,1,71,0,0,0,0,0,0,0,0,0,0
cdn-installer-fast-39.xyz,malicious,2,4,2,1,0,0,0,1,0,0,1,1,1,8,0,0,0,0,3,2,1,1,1,0
secure-login-update-19.top,phishing,2,1,3,1,0,0,0,1,0,0,0,1,1,6,4,1,0,1,1,0,0,0,0,0
cdn-installer-fast-63.xyz,malicious,2,2,3,1,0,0,0,1,0,0,1,1,1,7,0,0,0,0,3,1,1,1,1,0
trusted-service-76.com,benign,0,0,1,0,0,0,0,0,0,0,1,1,1,96,2,0,0,0,1,0,0,0,0,0
trusted-service-29.com,benign,0,0,1,0,0,0,0,0,0,0,1,1,1,65,0,0,0,0,0,0,0,0,0,0
trusted-service-100.com,benign,0,0,1,0,0,0,0,0,0,0,1,1,0,96,1,1,0,0,0,0,0,0,0,0
secure-login-update-97.top,phishing,3,1,2,1,0,0,0,1,1,0,1,1,1,6,2,2,1,1,1,0,0,0,0,0
secure-login-update-10.top,phishing,2,1,3,1,0,0,0,0,0,1,1,1,1,1,4,1,1,1,1,0,0,0,0,0
trusted-service-42.com,benign,0,0,1,0,0,0,0,0,0,0,1,0,1,87,1,0,0,0,0,0,0,0,0,0
cdn-installer-fast-81.xyz,malicious,2,1,4,1,1,0,0,0,0,1,1,1,1,5,0,0,0,0,1,2,0,1,1,0
trusted-service-85.com,benign,0,0,1,0,0,0,0,0,0,0,1,1,0,76,3,0,0,1,0,0,0,0,0,0
secure-login-update-61.top,phishing,2,1,2,1,0,0,0,0,1,1,1,1,1,1,4,1,0,1,1,1,0,0,0,0
traffic-routing-hub-6.net,suspicious,4,2,3,1,1,0,1,1,1,0,1,1,1,32,0,0,0,0,3,1,1,0,0,0
cdn-installer-fast-64.xyz,malicious,2,4,3,1,0,0,0,1,0,1,0,1,1,1,0,0,0,0,1,2,0,1,0,1
secure-login-update-32.top,phishing,3,1,2,1,0,0,0,0,1,0,1,1,1,39,2,1,0,1,0,1,0,0,0,0
traffic-routing-hub-3.net,suspicious,4,5,4,1,1,0,0,1,1,1,1,1,1,38,0,0,0,0,2,0,2,0,0,0
secure-login-update-38.top,phishing,2,2,2,1,1,0,0,0,0,1,1,1,1,29,4,1,1,1,2,0,1,0,0,0
cdn-installer-fast-82.xyz,malicious,4,1,2,1,1,0,0,1,1,1,1,1,1,19,0,0,0,0,3,1,2,1,1,0
trusted-service-48.com,benign,1,0,1,0,0,0,0,0,0,0,1,1,1,89,2,0,0,1,1,0,0,0,0,0
cdn-installer-fast-60.xyz,malicious,4,4,4,1,0,0,0,1,0,1,0,1,1,5,0,0,0,0,3,1,1,1,0,1
secure-login-update-58.top,phishing,2,2,3,1,1,0,0,1,1,1,1,1,1,1,2,2,0,1,1,0,1,0,0,0
secure-login-update-40.top,phishing,3,1,3,1,0,0,0,0,1,0,0,1,1,11,3,1,1,1,0,1,1,0,0,0
traffic-routing-hub-69.net,suspicious,5,4,3,1,1,1,1,1,1,0,1,1,1,37,0,0,0,0,3,0,2,0,0,0
secure-login-update-78.top,phishing,3,2,3,1,1,0,0,1,1,1,0,1,1,11,1,1,1,1,0,1,0,0,0,0
cdn-installer-fast-7.xyz,malicious,3,1,3,1,1,0,0,0,0,0,0,1,1,11,0,0,0,0,0,2,0,1,1,0
cdn-installer-fast-93.xyz,malicious,5,1,4,1,0,0,0,1,0,1,0,1,1,18,0,0,0,0,0,2,1,1,0,1
trusted-service-26.com,benign,1,0,1,0,0,0,0,0,0,0,1,0,1,68,0,1,0,1,0,0,0,0,0,0
trusted-service-92.com,benign,0,0,1,0,0,0,0,0,0,0,1,0,1,88,3,0,0,0,0,0,0,0,0,0
secure-login-update-52.top,phishing,3,2,2,1,0,0,0,1,1,0,0,1,1,33,3,1,0,1,2,0,0,0,0,0
traffic-routing-hub-62.net,suspicious,3,3,5,1,1,0,0,1,0,0,0,1,1,14,1,0,0,0,1,1,1,0,0,0
trusted-service-69.com,benign,0,0,1,0,0,0,0,0,0,0,1,0,0,89,2,0,0,0,0,0,0,0,0,0
cdn-installer-fast-27.xyz,malicious,3,2,4,1,1,0,0,0,1,1,0,1,1,4,0,0,0,0,3,0,0,1,0,1
traffic-routing-hub-5.net,suspicious,4,2,5,1,1,0,0,1,0,1,1,1,1,22,1,0,0,0,2,0,2,0,0,0
secure-login-update-2.top,phishing,2,1,2,1,0,0,0,1,1,0,0,1,1,3,4,2,1,1,1,0,1,0,0,0
cdn-installer-fast-41.xyz,malicious,5,4,4,1,1,0,0,0,0,1,1,1,1,4,0,0,0,0,0,1,0,1,1,0
trusted-service-46.com,benign,0,0,1,0,0,0,0,0,0,0,1,0,0,72,3,1,0,1,1,0,0,0,0,0
cdn-installer-fast-82.xyz,malicious,3,4,4,1,1,0,0,0,1,1,1,1,1,16,0,0,0,0,2,1,1,1,0,1
trusted-service-81.com,benign,0,0,1,0,0,0,0,0,0,0,1,1,0,79,3,0,0,1,1,0,0,0,0,0
cdn-installer-fast-33.xyz,malicious,5,1,3,1,1,0,0,1,1,0,1,1,1,16,0,0,0,0,0,0,1,1,0,1
traffic-routing-hub-39.net,suspicious,6,3,4,1,1,0,0,1,0,1,1,1,1,20,1,0,0,0,3,1,2,0,0,0
trusted-service-30.com,benign,0,0,1,0,0,0,0,0,0,0,1,1,0,80,0,1,0,1,0,0,0,0,0,0
trusted-service-54.com,benign,0,0,1,0,0,0,0,0,0,0,1,0,0,82,2,0,0,0,0,0,0,0,0,0
traffic-routing-hub-61.net,suspicious,3,4,3,1,1,0,0,1,1,0,0,1,1,11,1,0,0,0,2,0,2,0,0,0
secure-login-update-79.top,phishing,1,1,3,1,1,0,0,1,1,1,1,1,1,11,3,2,0,1,2,0,0,0,0,0
trusted-service-57.com,benign,0,0,1,0,0,0,0,0,0,0,1,1,1,61,0,0,0,0,1,0,0,0,0,0
traffic-routing-hub-9.net,suspicious,6,4,3,1,1,1,0,1,1,1,0,1,1,40,1,0,0,0,3,1,1,0,0,0
traffic-routing-hub-25.net,suspicious,5,2,5,1,1,0,1,1,0,1,0,1,1,39,0,0,0,0,1,1,1,0,0,0
traffic-routing-hub-51.net,suspicious,7,4,5,1,1,0,1,1,1,0,1,1,1,18,1,0,0,0,3,0,1,0,0,0
cdn-installer-fast-2.xyz,malicious,5,4,2,1,1,0,0,0,1,0,1,1,1,9,0,0,0,0,3,2,0,1,1,0
traffic-routing-hub-10.net,suspicious,3,2,5,1,1,0,1,1,0,0,1,1,1,30,1,0,0,0,3,0,1,0,0,0
